,Date,Open,High,Low,Close,Adj Close,Volume
0,2017-01-03,2.431111,2.466666,2.404444,2.435555,2.293062,15183427
1,2017-01-04,2.422222,2.444444,2.368888,2.435555,2.293062,21489511
2,2017-01-05,2.444444,2.462222,2.408888,2.457777,2.313984,29574321
3,2017-01-06,2.444444,2.457777,2.382222,2.4,2.259588,23703750
4,2017-01-09,2.422222,2.471111,2.4,2.457777,2.313984,33865215
5,2017-01-10,2.457777,2.488888,2.448888,2.48,2.334907,16814250
6,2017-01-11,2.471111,2.502222,2.448888,2.484444,2.339091,23842372
7,2017-01-12,2.502222,2.511111,2.444444,2.466666,2.322353,44529219
8,2017-01-13,2.471111,2.542222,2.462222,2.502222,2.355829,33737382
9,2017-01-16,2.524444,2.533333,2.497777,2.52,2.372566,42923767
10,2017-01-17,2.533333,2.604444,2.515555,2.604444,2.45207,48629630
11,2017-01-18,2.577777,2.6,2.551111,2.56,2.410227,44714250
12,2017-01-19,2.577777,2.644444,2.551111,2.644444,2.48973,46197303
13,2017-01-20,2.622222,2.8,2.604444,2.773333,2.611079,97946961
14,2017-01-23,2.888888,2.888888,2.751111,2.782222,2.619447,81580770
15,2017-01-24,2.782222,2.791111,2.733333,2.742222,2.581788,44905270
16,2017-01-25,2.755555,2.817777,2.746666,2.795555,2.632001,41112042
17,2017-01-26,2.888888,2.888888,2.768888,2.822222,2.657107,34670117
18,2017-01-27,2.8,2.822222,2.733333,2.733333,2.573419,15220653
19,2017-02-01,2.8,2.84,2.746666,2.768888,2.606894,42491544
20,2017-02-02,2.777777,2.777777,2.715555,2.733333,2.573419,16516098
21,2017-02-03,2.733333,2.777777,2.72,2.76,2.598526,38736470
22,2017-02-06,2.768888,2.786666,2.751111,2.786666,2.623632,25394188
23,2017-02-07,2.777777,2.822222,2.733333,2.755555,2.59434,26664840
24,2017-02-08,2.733333,2.786666,2.728888,2.786666,2.623632,26851338
25,2017-02-09,2.8,2.817777,2.746666,2.777777,2.615263,31875439
26,2017-02-10,2.773333,2.817777,2.755555,2.773333,2.611079,31203000
27,2017-02-13,2.8,2.817777,2.773333,2.8,2.636186,44669250
28,2017-02-14,2.804444,2.808888,2.751111,2.773333,2.611079,26368328
29,2017-02-15,2.791111,2.804444,2.746666,2.773333,2.611079,46291668
30,2017-02-16,2.764444,3.013333,2.764444,3.008888,2.832852,109749282
31,2017-02-17,3.0,3.0,2.888888,2.92,2.749165,64872675
32,2017-02-20,2.973333,2.973333,2.857777,2.897777,2.728242,43969500
33,2017-02-21,2.911111,2.964444,2.911111,2.946666,2.774271,43730313
34,2017-02-22,3.008888,3.048888,2.955555,2.991111,2.816115,70059595
35,2017-02-23,3.022222,3.12,2.946666,3.097777,2.916541,99668119
36,2017-02-24,3.128888,3.177777,3.053333,3.066666,2.88725,93252435
37,2017-02-27,3.048888,3.102222,2.977777,2.982222,2.807746,76402948
38,2017-02-28,2.995555,3.017777,2.942222,2.977777,2.803561,47353500
39,2017-03-01,2.946666,3.044444,2.915555,2.991111,2.816115,19668510
40,2017-03-02,3.008888,3.075555,2.991111,3.0,2.824484,22528296
41,2017-03-03,2.973333,2.991111,2.902222,2.906666,2.736611,51569514
42,2017-03-06,2.928888,2.937777,2.88,2.933333,2.761718,41090190
43,2017-03-07,2.915555,2.933333,2.88,2.884444,2.715689,36245785
44,2017-03-08,2.875555,2.96,2.844444,2.92,2.749165,63477000
45,2017-03-09,2.924444,2.933333,2.888888,2.92,2.749165,38101756
46,2017-03-10,2.911111,2.924444,2.866666,2.906666,2.736611,33929811
47,2017-03-13,2.902222,3.133333,2.902222,3.097777,2.916541,89069454
48,2017-03-14,3.097777,3.097777,2.862222,2.871111,2.703136,170095007
49,2017-03-15,2.84,2.933333,2.768888,2.902222,2.732427,70173000
50,2017-03-16,2.888888,2.911111,2.835555,2.884444,2.715689,46761405
51,2017-03-17,2.871111,2.946666,2.84,2.946666,2.774271,45573876
52,2017-03-20,2.946666,3.0,2.871111,2.986666,2.81193,39600000
53,2017-03-21,2.973333,3.04,2.955555,2.995555,2.820299,31236750
54,2017-03-22,2.951111,2.982222,2.902222,2.977777,2.803561,34327163
55,2017-03-23,2.96,3.013333,2.951111,2.991111,2.816115,28808295
56,2017-03-24,2.991111,3.022222,2.955555,3.017777,2.841222,20902020
57,2017-03-27,2.986666,3.0,2.875555,2.902222,2.732427,32519785
58,2017-03-28,2.951111,3.013333,2.942222,2.977777,2.803561,31358607
59,2017-03-29,3.004444,3.035555,2.946666,2.977777,2.803561,45592533
60,2017-03-30,2.973333,2.973333,2.853333,2.937777,2.765902,52545447
61,2017-03-31,2.911111,2.955555,2.84,2.844444,2.678029,68769900
62,2017-04-03,2.875555,2.875555,2.8,2.835555,2.66966,44038125
63,2017-04-05,2.844444,2.88,2.8,2.871111,2.703136,69013534
64,2017-04-06,2.866666,2.906666,2.853333,2.893333,2.724058,24980985
65,2017-04-07,2.888888,2.911111,2.853333,2.888888,2.719873,15297858
66,2017-04-10,2.88,2.906666,2.831111,2.844444,2.678029,24805617
67,2017-04-11,2.844444,2.862222,2.755555,2.76,2.598526,73800596
68,2017-04-12,2.777777,2.795555,2.755555,2.795555,2.632001,54679095
69,2017-04-13,2.773333,2.835555,2.746666,2.826666,2.661292,22464000
70,2017-04-18,2.831111,2.84,2.76,2.768888,2.606894,40349157
71,2017-04-19,2.768888,2.782222,2.733333,2.746666,2.585972,31338000
72,2017-04-20,2.746666,2.773333,2.697777,2.768888,2.606894,44245050
73,2017-04-21,2.8,2.804444,2.768888,2.804444,2.640369,29658039
74,2017-04-24,2.817777,2.857777,2.8,2.848888,2.682213,25566750
75,2017-04-25,2.866666,2.893333,2.786666,2.893333,2.724058,39015000
76,2017-04-26,2.977777,2.977777,2.817777,2.831111,2.665476,25087270
77,2017-04-27,2.848888,2.862222,2.777777,2.853333,2.686398,28427413
78,2017-04-28,2.857777,2.871111,2.822222,2.844444,2.678029,27543343
79,2017-05-02,2.826666,2.871111,2.8,2.813333,2.648738,26064344
80,2017-05-04,2.831111,2.84,2.777777,2.786666,2.623632,31104616
81,2017-05-05,2.791111,2.813333,2.755555,2.777777,2.615263,30188297
82,2017-05-08,2.808888,2.808888,2.742222,2.764444,2.602709,31664142
83,2017-05-09,2.755555,2.808888,2.755555,2.795555,2.632001,34666956
84,2017-05-10,2.782222,2.817777,2.768888,2.808888,2.644554,14043750
85,2017-05-11,2.844444,2.844444,2.773333,2.822222,2.657107,25534845
86,2017-05-12,2.817777,2.911111,2.817777,2.906666,2.736611,65867440
87,2017-05-15,2.924444,2.924444,2.831111,2.884444,2.715689,19146993
88,2017-05-16,2.897777,2.906666,2.808888,2.893333,2.724058,41188722
89,2017-05-17,2.884444,2.924444,2.862222,2.884444,2.715689,42061191
90,2017-05-18,2.853333,2.928888,2.844444,2.902222,2.732427,70486625
91,2017-05-19,2.942222,2.986666,2.906666,2.973333,2.799378,69671263
92,2017-05-22,3.017777,3.053333,2.982222,3.053333,2.874697,45275787
93,2017-05-23,3.053333,3.071111,3.017777,3.031111,2.853776,51962211
94,2017-05-24,3.048888,3.075555,2.977777,3.048888,2.870512,40224147
95,2017-05-25,3.04,3.115555,2.995555,3.084444,2.903988,50859663
96,2017-05-26,3.106666,3.106666,3.004444,3.062222,2.883066,31886671
97,2017-05-29,3.088888,3.195555,3.008888,3.04,2.862144,94918167
98,2017-05-31,3.044444,3.124444,3.031111,3.088888,2.908172,90821965
99,2017-06-01,3.08,3.142222,3.053333,3.133333,2.950017,73751017
100,2017-06-02,3.128888,3.168888,3.053333,3.106666,2.92491,66566927
101,2017-06-05,3.155555,3.213333,3.142222,3.164444,2.979307,63873405
102,2017-06-06,3.168888,3.173333,3.128888,3.151111,2.966754,35725500
103,2017-06-07,3.155555,3.235555,3.133333,3.235555,3.046259,39753758
104,2017-06-08,3.24,3.24,3.182222,3.213333,3.025336,31167000
105,2017-06-09,3.222222,3.297777,3.16,3.182222,2.996045,49153500
106,2017-06-12,3.16,3.182222,3.097777,3.142222,2.958385,30404139
107,2017-06-13,3.155555,3.164444,3.04,3.066666,2.88725,60157125
108,2017-06-14,3.066666,3.111111,3.026666,3.04,2.862144,61694642
109,2017-06-15,3.04,3.048888,2.995555,3.04,2.862144,54285750
110,2017-06-16,3.04,3.097777,3.031111,3.088888,2.908172,50429508
111,2017-06-19,3.071111,3.128888,3.053333,3.102222,2.920726,40970805
112,2017-06-20,3.226666,3.226666,3.084444,3.115555,2.933279,35615650
113,2017-06-21,3.111111,3.195555,3.102222,3.137777,2.954201,53141627
114,2017-06-22,3.142222,3.173333,3.088888,3.124444,2.941648,27235919
115,2017-06-23,3.124444,3.137777,3.088888,3.097777,2.916541,13357678
116,2017-06-26,3.142222,3.155555,3.053333,3.071111,2.891435,40502272
117,2017-06-27,3.088888,3.088888,3.026666,3.035555,2.857959,54716373
118,2017-06-28,3.057777,3.133333,3.053333,3.088888,2.914573,68789074
119,2017-06-29,3.12,3.12,3.053333,3.08,2.906187,22479750
120,2017-06-30,3.084444,3.088888,3.048888,3.066666,2.893605,16565001
121,2017-07-03,3.084444,3.146666,3.031111,3.066666,2.893605,26941277
122,2017-07-04,3.066666,3.066666,2.96,3.022222,2.85167,56737350
123,2017-07-05,3.013333,3.04,2.982222,3.035555,2.86425,33793031
124,2017-07-06,3.048888,3.048888,2.991111,3.017777,2.853743,40334699
125,2017-07-07,3.022222,3.084444,3.008888,3.022222,2.857946,33087377
126,2017-07-10,3.022222,3.044444,2.986666,2.995555,2.832729,17211575
127,2017-07-11,3.017777,3.053333,3.0,3.026666,2.862149,13052938
128,2017-07-12,3.062222,3.062222,2.995555,3.013333,2.849541,12319749
129,2017-07-13,3.057777,3.088888,3.04,3.075555,2.908381,29507280
130,2017-07-14,3.111111,3.111111,3.053333,3.071111,2.904178,8444250
131,2017-07-17,3.12,3.12,3.008888,3.022222,2.857946,32459422
132,2017-07-18,3.066666,3.066666,2.977777,2.995555,2.832729,29665642
133,2017-07-19,3.004444,3.048888,2.995555,3.044444,2.878961,15283746
134,2017-07-20,3.048888,3.097777,3.04,3.071111,2.904178,31268871
135,2017-07-21,3.075555,3.084444,2.995555,3.035555,2.870554,32181750
136,2017-07-24,3.048888,3.164444,3.017777,3.128888,2.958815,75337260
137,2017-07-25,3.142222,3.164444,3.066666,3.08,2.912584,24607926
138,2017-07-26,3.128888,3.128888,3.075555,3.075555,2.908381,15479100
139,2017-07-27,3.071111,3.075555,3.022222,3.035555,2.870554,26704764
140,2017-07-28,3.04,3.04,3.013333,3.013333,2.849541,33911496
141,2017-07-31,3.013333,3.071111,3.004444,3.066666,2.899975,37464169
142,2017-08-01,3.124444,3.124444,3.057777,3.057777,2.891568,21315278
143,2017-08-02,3.057777,3.075555,2.995555,3.013333,2.849541,47578533
144,2017-08-03,3.026666,3.04,2.973333,2.973333,2.811715,24569424
145,2017-08-04,2.973333,3.04,2.968888,3.013333,2.849541,64426387
146,2017-08-07,3.013333,3.04,2.986666,3.013333,2.849541,87237618
147,2017-08-08,3.044444,3.124444,3.013333,3.102222,2.933598,47863559
148,2017-08-09,3.102222,3.111111,3.062222,3.075555,2.908381,13478006
149,2017-08-10,3.084444,3.111111,3.053333,3.062222,2.895772,22289600
150,2017-08-11,3.066666,3.075555,2.968888,2.973333,2.811715,26304750
151,2017-08-14,2.968888,3.031111,2.968888,3.0,2.836932,34192845
152,2017-08-15,3.017777,3.022222,2.977777,2.982222,2.820121,36119250
153,2017-08-16,2.995555,3.017777,2.982222,3.004444,2.841135,23601231
154,2017-08-17,3.017777,3.017777,2.964444,2.977777,2.815917,33028371
155,2017-08-18,2.977777,2.986666,2.884444,2.893333,2.736063,48485250
156,2017-08-21,2.92,2.964444,2.893333,2.893333,2.736063,23305488
157,2017-08-22,2.951111,3.084444,2.937777,3.026666,2.862149,95863495
158,2017-08-23,3.026666,3.026666,3.026666,3.026666,2.862149,0
159,2017-08-24,3.057777,3.111111,3.031111,3.097777,2.929394,74417463
160,2017-08-25,3.102222,3.102222,3.048888,3.093333,2.925192,32455023
161,2017-08-28,3.093333,3.111111,3.048888,3.066666,2.899975,33673830
162,2017-08-29,3.066666,3.093333,3.017777,3.031111,2.866352,38225828
163,2017-08-30,3.066666,3.097777,3.04,3.044444,2.878961,30331584
164,2017-08-31,3.035555,3.066666,3.026666,3.053333,2.887366,32124177
165,2017-09-01,3.066666,3.2,3.048888,3.173333,3.000843,63223346
166,2017-09-04,3.191111,3.408888,3.164444,3.364444,3.181567,101113175
167,2017-09-05,3.377777,3.377777,3.288888,3.364444,3.181567,48975750
168,2017-09-06,3.417777,3.511111,3.4,3.475555,3.286638,75907203
169,2017-09-07,3.502222,3.511111,3.417777,3.426666,3.240407,33979540
170,2017-09-08,3.488888,3.502222,3.448888,3.466666,3.278232,32760168
171,2017-09-11,3.493333,3.493333,3.324444,3.337777,3.156349,43786190
172,2017-09-12,3.395555,3.457777,3.364444,3.448888,3.27013,44858250
173,2017-09-13,3.466666,3.551111,3.408888,3.497777,3.316484,41455838
174,2017-09-14,3.466666,3.488888,3.377777,3.4,3.223775,30613398
175,2017-09-15,3.44,3.457777,3.373333,3.444444,3.265916,32377200
176,2017-09-18,3.52,3.537777,3.457777,3.537777,3.354411,24488595
177,2017-09-19,3.577777,3.715555,3.515555,3.697777,3.506119,81821657
178,2017-09-20,3.724444,3.746666,3.657777,3.728888,3.535617,41064795
179,2017-09-21,3.76,3.76,3.635555,3.657777,3.468191,31036554
180,2017-09-22,3.666666,3.733333,3.622222,3.671111,3.480834,22333151
181,2017-09-25,3.666666,3.666666,3.542222,3.591111,3.404981,22931946
182,2017-09-26,3.635555,3.671111,3.595555,3.635555,3.447121,35501319
183,2017-09-27,3.671111,3.702222,3.608888,3.702222,3.510333,29530809
184,2017-09-28,3.728888,3.728888,3.622222,3.657777,3.468191,15019605
185,2017-09-29,3.711111,3.711111,3.626666,3.671111,3.480834,11868273
186,2017-10-03,3.68,3.822222,3.644444,3.813333,3.615685,19103035
187,2017-10-04,3.817777,3.848888,3.742222,3.795555,3.598828,8380494
188,2017-10-06,3.982222,3.982222,3.853333,3.888888,3.687324,24140250
189,2017-10-09,3.866666,3.915555,3.822222,3.862222,3.66204,9167377
190,2017-10-10,3.964444,4.022222,3.893333,3.977777,3.771605,38971309
191,2017-10-11,4.0,4.0,3.875555,3.915555,3.712608,52794924
192,2017-10-12,3.946666,3.951111,3.808888,3.871111,3.670468,20930091
193,2017-10-13,3.946666,3.946666,3.831111,3.857777,3.657825,16545226
194,2017-10-16,3.942222,3.946666,3.871111,3.946666,3.742107,22235962
195,2017-10-17,4.013333,4.013333,3.84,3.893333,3.691539,18246235
196,2017-10-18,3.915555,3.955555,3.884444,3.915555,3.712608,15192000
197,2017-10-19,3.946666,4.084444,3.88,3.897777,3.695752,52535355
198,2017-10-20,3.986666,4.022222,3.924444,3.982222,3.77582,23779289
199,2017-10-23,3.928888,4.106666,3.92,4.004444,3.796891,25654050
200,2017-10-24,4.026666,4.026666,3.88,3.906666,3.70418,23157362
201,2017-10-25,3.928888,4.013333,3.884444,3.906666,3.70418,22507967
202,2017-10-26,3.911111,4.013333,3.902222,3.942222,3.737894,33756889
203,2017-10-27,3.862222,3.942222,3.817777,3.831111,3.632542,31679280
204,2017-10-30,3.888888,3.906666,3.76,3.813333,3.615685,28538565
205,2017-10-31,3.893333,4.097777,3.866666,4.048888,3.839031,68536845
206,2017-11-01,4.133333,4.324444,4.097777,4.266666,4.045521,58772250
207,2017-11-02,4.351111,4.351111,4.177777,4.235555,4.016022,30396406
208,2017-11-03,4.235555,4.426666,4.204444,4.373333,4.14666,56271345
209,2017-11-06,4.4,4.693333,4.315555,4.666666,4.424789,78370227
210,2017-11-07,4.551111,4.72,4.506666,4.568888,4.332078,63224280
211,2017-11-08,4.693333,4.711111,4.533333,4.604444,4.365792,40947788
212,2017-11-09,4.711111,4.817777,4.56,4.56,4.323652,34958317
213,2017-11-10,4.693333,5.12,4.684444,5.075555,4.812485,94809588
214,2017-11-13,5.137777,5.244444,4.995555,5.111111,4.846197,84572113
215,2017-11-14,5.164444,5.226666,4.942222,4.951111,4.694491,50845214
216,2017-11-15,4.986666,5.075555,4.826666,4.826666,4.576496,52632632
217,2017-11-16,4.888888,5.084444,4.835555,4.933333,4.677634,68483997
218,2017-11-17,5.111111,5.271111,4.995555,5.022222,4.761916,51452473
219,2017-11-20,4.977777,5.022222,4.808888,4.897777,4.643922,52253613
220,2017-11-21,4.871111,5.164444,4.871111,5.128888,4.863055,73586830
221,2017-11-22,5.137777,5.137777,4.977777,4.977777,4.719775,50327010
222,2017-11-23,4.977777,5.022222,4.551111,4.622222,4.382648,85437884
223,2017-11-24,4.702222,4.853333,4.622222,4.853333,4.601782,84419284
224,2017-11-27,4.844444,4.844444,4.657777,4.711111,4.46693,40023591
225,2017-11-28,4.702222,4.791111,4.64,4.755555,4.517595,29153920
226,2017-11-29,4.888888,4.888888,4.72,4.764444,4.526039,31310473
227,2017-11-30,4.711111,4.72,4.488888,4.542222,4.314937,109468383
228,2017-12-01,4.622222,4.702222,4.542222,4.577777,4.348712,45018749
229,2017-12-04,4.586666,4.871111,4.551111,4.782222,4.542927,57460074
230,2017-12-05,4.835555,4.871111,4.675555,4.702222,4.46693,31726460
231,2017-12-06,4.888888,4.915555,4.471111,4.542222,4.314937,110147096
232,2017-12-07,4.542222,4.906666,4.542222,4.88,4.635813,99788703
233,2017-12-08,5.022222,5.031111,4.871111,4.977777,4.728697,62625035
234,2017-12-11,4.977777,5.315555,4.977777,5.253333,4.990465,107445532
235,2017-12-12,5.271111,5.493333,5.244444,5.457777,5.184678,97168320
236,2017-12-13,5.466666,5.52,5.333333,5.484444,5.210011,65602761
237,2017-12-14,5.546666,5.76,5.546666,5.68,5.395782,73950095
238,2017-12-15,5.608888,5.688888,5.377777,5.431111,5.159347,82054964
239,2017-12-18,5.448888,5.582222,5.377777,5.555555,5.277564,53164714
240,2017-12-19,5.537777,5.688888,5.484444,5.555555,5.277564,69612405
241,2017-12-20,5.555555,5.653333,5.502222,5.555555,5.277564,42784103
242,2017-12-21,5.591111,5.866666,5.511111,5.804444,5.513999,40747844
243,2017-12-22,5.831111,5.866666,5.715555,5.777777,5.488666,35792451
244,2017-12-27,5.751111,5.848888,5.715555,5.76,5.471779,56099992
245,2017-12-28,5.777777,5.973333,5.688888,5.973333,5.683208,45105750
246,2017-12-29,5.991111,6.204444,5.937777,6.16,5.860808,46324291
247,2018-01-02,6.204444,6.328888,6.026666,6.133333,5.835436,57475676
248,2018-01-03,6.24,6.382222,6.133333,6.177777,5.877721,57542071
249,2018-01-04,6.337777,6.506666,6.248888,6.284444,5.979208,81385983
250,2018-01-05,6.275555,6.382222,6.008888,6.133333,5.835436,59167059
251,2018-01-08,5.955555,6.32,5.777777,6.266666,5.962293,148739397
252,2018-01-09,6.444444,6.737777,6.302222,6.622222,6.30058,107964886
253,2018-01-10,6.622222,6.64,6.302222,6.488888,6.173723,74800491
254,2018-01-11,6.515555,6.613333,6.444444,6.471111,6.156809,42273031
255,2018-01-12,6.613333,6.951111,6.48,6.835555,6.503551,86457894
256,2018-01-15,6.924444,6.977777,6.533333,6.604444,6.283666,59217507
257,2018-01-16,6.684444,6.764444,6.542222,6.595555,6.275208,45577431
258,2018-01-17,6.666666,6.666666,6.444444,6.577777,6.258293,57388326
259,2018-01-18,6.666666,6.737777,6.257777,6.257777,5.953836,83213079
260,2018-01-19,6.302222,6.622222,6.266666,6.604444,6.283666,81148779
261,2018-01-22,6.622222,6.897777,6.48,6.897777,6.562751,63507971
262,2018-01-23,7.022222,7.066666,6.764444,6.924444,6.588124,57061221
263,2018-01-24,7.066666,7.075555,6.693333,6.871111,6.53738,42626614
264,2018-01-25,6.906666,6.915555,6.595555,6.791111,6.461266,58161541
265,2018-01-26,6.8,6.888888,6.711111,6.764444,6.435894,37445937
266,2018-01-29,6.897777,6.897777,6.533333,6.64,6.317494,61182994
267,2018-01-30,6.586666,6.728888,6.453333,6.604444,6.283666,52555450
268,2018-01-31,6.48,6.577777,6.364444,6.408888,6.097608,79746986
269,2018-02-01,6.408888,6.604444,6.328888,6.328888,6.021493,48786088
270,2018-02-02,6.391111,6.702222,6.293333,6.595555,6.275208,64461048
271,2018-02-05,6.32,6.462222,6.257777,6.4,6.089151,44498346
272,2018-02-06,6.222222,6.24,5.777777,5.893333,5.607094,107406060
273,2018-02-07,6.186666,6.355555,5.804444,5.857777,5.573265,97543318
274,2018-02-08,5.92,6.08,5.813333,6.071111,5.776237,59502111
275,2018-02-09,5.822222,5.848888,5.573333,5.76,5.480236,84953643
276,2018-02-12,5.902222,6.266666,5.866666,6.088888,5.793149,59287817
277,2018-02-13,6.222222,6.364444,6.133333,6.24,5.936923,42651000
278,2018-02-14,6.248888,6.266666,6.106666,6.177777,5.877721,31513295
279,2018-02-15,6.311111,6.32,6.177777,6.222222,5.920008,22347954
280,2018-02-20,6.311111,6.444444,6.151111,6.213333,5.91155,45915876
281,2018-02-21,6.222222,6.284444,6.186666,6.266666,5.962293,35079621
282,2018-02-22,6.204444,6.408888,6.133333,6.204444,5.903093,54023404
283,2018-02-23,6.302222,6.355555,6.231111,6.355555,6.046865,28429281
284,2018-02-26,6.444444,6.684444,6.426666,6.675555,6.351323,81597240
285,2018-02-27,6.711111,6.728888,6.462222,6.568888,6.249837,48349714
286,2018-02-28,6.533333,6.586666,6.328888,6.586666,6.26675,54338805
287,2018-03-01,6.702222,6.755555,6.471111,6.56,6.241381,35725493
288,2018-03-02,6.462222,6.568888,6.382222,6.4,6.089151,30104894
289,2018-03-05,6.408888,6.48,6.222222,6.222222,5.920008,35484977
290,2018-03-06,6.355555,6.4,6.204444,6.32,6.013037,39556192
291,2018-03-07,6.32,6.515555,6.311111,6.391111,6.080694,39226801
292,2018-03-08,6.435555,6.853333,6.355555,6.782222,6.452809,64580400
293,2018-03-09,6.915555,7.057777,6.773333,6.826666,6.495094,73394122
294,2018-03-12,6.995555,7.022222,6.844444,6.933333,6.596581,46115241
295,2018-03-13,7.111111,7.137777,6.693333,6.764444,6.435894,62220332
296,2018-03-14,6.755555,6.862222,6.666666,6.764444,6.435894,28327437
297,2018-03-15,6.755555,6.933333,6.711111,6.888888,6.554294,43948644
298,2018-03-16,6.844444,6.897777,6.675555,6.791111,6.461266,48885624
299,2018-03-19,6.773333,6.977777,6.684444,6.897777,6.562751,36421753
300,2018-03-20,6.835555,7.466666,6.826666,7.377777,7.019438,117005463
301,2018-03-21,7.431111,7.528888,7.155555,7.2,6.850295,80625719
302,2018-03-22,7.306666,7.422222,7.084444,7.164444,6.816465,59871204
303,2018-03-23,6.675555,7.2,6.48,6.835555,6.503551,117874656
304,2018-03-26,6.8,7.013333,6.488888,6.942222,6.605038,94075762
305,2018-03-27,7.075555,7.191111,6.942222,7.075555,6.731894,90949725
306,2018-03-28,6.986666,7.28,6.746666,6.897777,6.562751,100424290
307,2018-03-29,6.897777,7.022222,6.666666,6.844444,6.512009,78428151
308,2018-04-03,6.648888,7.066666,6.648888,7.022222,6.681151,67712431
309,2018-04-04,7.128888,7.52,7.12,7.12,6.774181,80503211
310,2018-04-06,7.217777,7.297777,7.057777,7.182222,6.833381,57162359
311,2018-04-09,7.146666,7.52,7.066666,7.502222,7.137838,77856826
312,2018-04-10,7.555555,7.76,7.404444,7.448888,7.087095,79157614
313,2018-04-11,7.537777,7.617777,7.36,7.422222,7.061725,68781829
314,2018-04-12,7.422222,7.715555,7.422222,7.555555,7.188581,69254833
315,2018-04-13,7.653333,7.697777,7.2,7.297777,6.943323,61447918
316,2018-04-16,7.306666,7.448888,7.155555,7.262222,6.909495,47191452
317,2018-04-17,7.351111,7.368888,6.817777,6.853333,6.520466,74053221
318,2018-04-18,7.013333,7.111111,6.631111,6.968888,6.630408,81423274
319,2018-04-19,7.066666,7.244444,7.013333,7.155555,6.808009,61739424
320,2018-04-20,7.155555,7.244444,6.933333,6.986666,6.647323,37358385
321,2018-04-23,7.146666,7.146666,6.906666,6.924444,6.588124,41861934
322,2018-04-24,7.013333,7.111111,6.942222,7.075555,6.731894,54072024
323,2018-04-25,7.137777,7.457777,7.013333,7.457777,7.095552,87480659
324,2018-04-26,7.448888,7.457777,7.244444,7.377777,7.019438,63667035
325,2018-04-27,7.404444,7.52,7.306666,7.466666,7.104009,43520514
326,2018-04-30,7.377777,7.484444,7.262222,7.422222,7.061725,31426609
327,2018-05-02,7.466666,7.475555,7.182222,7.191111,6.841839,77398969
328,2018-05-03,7.368888,7.413333,7.128888,7.351111,6.994066,61002825
329,2018-05-04,7.448888,7.688888,7.386666,7.608888,7.239324,98014023
330,2018-05-07,7.537777,8.053333,7.377777,7.813333,7.433838,82900993
331,2018-05-08,7.893333,8.106666,7.866666,7.937777,7.552238,60335849
332,2018-05-09,7.991111,8.311111,7.848888,8.293333,7.890525,61292468
333,2018-05-10,8.293333,8.311111,8.0,8.168888,7.772123,66415376
334,2018-05-11,8.284444,8.488888,8.115555,8.195555,7.797496,77024268
335,2018-05-14,8.302222,8.631111,8.222222,8.515555,8.101954,77086251
336,2018-05-15,8.524444,8.737777,8.524444,8.604444,8.186524,67766915
337,2018-05-16,8.711111,8.711111,8.391111,8.48,8.068125,66054442
338,2018-05-17,8.533333,8.64,8.391111,8.488888,8.076583,44903875
339,2018-05-18,8.515555,8.577777,8.4,8.462222,8.05121,35480810
340,2018-05-21,8.488888,8.657777,8.115555,8.124444,7.729839,92307082
341,2018-05-23,8.177777,8.417777,8.142222,8.213333,7.814411,80549541
342,2018-05-24,8.222222,8.408888,8.088888,8.373333,7.966639,51996768
343,2018-05-25,8.328888,8.666666,8.266666,8.648888,8.228812,81017730
344,2018-05-28,8.728888,9.155555,8.711111,9.066666,8.626297,106760922
345,2018-05-29,9.044444,9.288888,8.444444,8.533333,8.118868,110599141
346,2018-05-30,8.311111,8.702222,8.24,8.577777,8.161154,86493467
347,2018-05-31,8.8,8.977777,8.702222,8.817777,8.389498,146465559
348,2018-06-01,8.862222,8.871111,8.506666,8.64,8.220355,57013589
349,2018-06-04,8.933333,9.066666,8.733333,8.773333,8.355809,54824472
350,2018-06-05,8.746666,8.773333,8.466666,8.746666,8.330411,57420796
351,2018-06-06,8.773333,9.106666,8.6,8.746666,8.330411,86229642
352,2018-06-07,8.626666,8.746666,8.266666,8.306666,7.911351,108822565
353,2018-06-08,8.32,8.466666,8.24,8.373333,7.974844,59100804
354,2018-06-11,8.333333,8.666666,8.333333,8.453333,8.051038,50810956
355,2018-06-12,8.493333,8.92,8.493333,8.88,8.457399,68729361
356,2018-06-13,8.986666,8.986666,8.546666,8.626666,8.216123,53543751
357,2018-06-14,8.613333,8.813333,8.56,8.586666,8.178023,52899505
358,2018-06-15,8.653333,8.76,8.453333,8.466666,8.063735,52646277
359,2018-06-19,8.36,8.56,8.026666,8.16,7.771663,85749814
360,2018-06-20,8.08,8.466666,8.04,8.373333,7.974844,94209711
361,2018-06-21,8.48,8.68,8.306666,8.306666,7.911351,67764177
362,2018-06-22,8.306666,8.346666,8.066666,8.146666,7.758964,54182172
363,2018-06-25,8.2,8.28,7.84,7.84,7.466892,66356119
364,2018-06-26,7.76,8.253333,7.733333,8.12,7.733569,90303225
365,2018-06-27,8.2,8.24,7.573333,7.586666,7.225615,80558581
366,2018-06-28,7.613333,7.8,7.453333,7.533333,7.174819,71179416
367,2018-06-29,7.466666,8.12,7.466666,8.026666,7.644676,86628234
368,2018-07-03,8.0,8.0,7.453333,7.826666,7.454193,105894457
369,2018-07-04,7.893333,7.893333,7.413333,7.426666,7.073229,46910316
370,2018-07-05,7.346666,7.6,7.013333,7.293333,6.946243,71902369
371,2018-07-06,7.413333,7.626666,7.28,7.493333,7.136723,84969520
372,2018-07-09,7.626666,7.973333,7.626666,7.893333,7.517687,63410950
373,2018-07-10,8.066666,8.12,7.746666,7.96,7.581181,73818453
374,2018-07-11,7.733333,8.0,7.626666,7.853333,7.47959,63388254
375,2018-07-12,7.906666,8.2,7.84,8.08,7.695472,50946265
376,2018-07-13,8.253333,8.28,8.08,8.133333,7.746266,39600009
377,2018-07-16,8.133333,8.306666,8.093333,8.186666,7.797059,34715763
378,2018-07-17,8.186666,8.24,7.933333,7.946666,7.568481,37257474
379,2018-07-18,7.986666,8.226666,7.986666,8.146666,7.758964,30879105
380,2018-07-19,8.213333,8.213333,7.84,7.88,7.504989,31436673
381,2018-07-20,7.813333,7.92,7.6,7.773333,7.403399,58058884
382,2018-07-23,7.826666,7.826666,7.266666,7.586666,7.225615,85561551
383,2018-07-24,7.493333,7.666666,7.333333,7.373333,7.022435,83293188
384,2018-07-25,7.533333,7.626666,7.426666,7.506666,7.149421,50003346
385,2018-07-26,7.586666,7.733333,7.52,7.68,7.314507,52647738
386,2018-07-27,7.693333,7.693333,7.466666,7.6,7.238314,26569629
387,2018-07-30,7.506666,7.6,7.226666,7.373333,7.022435,50149261
388,2018-07-31,7.36,7.426666,7.106666,7.146666,6.806554,49885216
389,2018-08-01,7.16,7.426666,7.12,7.226666,6.882746,42754380
390,2018-08-02,7.333333,7.333333,6.92,7.186666,6.844652,54426235
391,2018-08-03,7.093333,7.24,6.773333,6.88,6.552579,52928409
392,2018-08-06,6.88,7.186666,6.333333,6.426666,6.120819,134202567
393,2018-08-07,6.513333,6.8,6.446666,6.72,6.400193,103942956
394,2018-08-08,6.813333,6.866666,6.62,6.84,6.514482,70053529
395,2018-08-09,6.813333,7.08,6.72,6.973333,6.64147,79840368
396,2018-08-10,6.92,7.2,6.773333,6.906666,6.577976,64455007
397,2018-08-13,7.146666,7.293333,7.026666,7.186666,6.844652,125873436
398,2018-08-14,7.186666,7.253333,6.66,6.8,6.476387,130322724
399,2018-08-15,6.706666,6.773333,6.22,6.346666,6.044627,155549565
400,2018-08-16,6.173333,6.5,6.133333,6.24,5.943037,112031125
401,2018-08-17,6.353333,6.433333,5.666666,6.0,5.714459,278392177
402,2018-08-20,6.0,6.08,5.72,5.906666,5.625566,126512565
403,2018-08-21,5.986666,6.406666,5.96,6.333333,6.031928,152394802
404,2018-08-22,6.493333,6.633333,5.893333,6.213333,5.917638,151026285
405,2018-08-23,6.2,6.553333,6.0,6.52,6.209712,125726095
406,2018-08-24,6.413333,6.96,6.413333,6.733333,6.412892,120980857
407,2018-08-27,6.826666,7.04,6.72,6.973333,6.64147,85688004
408,2018-08-28,7.2,7.213333,6.706666,6.813333,6.489085,73551900
409,2018-08-29,6.76,6.893333,6.633333,6.88,6.552579,40104507
410,2018-08-30,6.933333,6.946666,6.62,6.66,6.343048,43175754
411,2018-08-31,6.5,6.786666,6.373333,6.626666,6.311302,109895550
412,2018-09-03,6.646666,6.646666,6.273333,6.433333,6.127169,61294264
413,2018-09-04,6.42,6.666666,6.34,6.653333,6.336699,56240679
414,2018-09-05,6.573333,6.593333,6.34,6.433333,6.127169,61611072
415,2018-09-06,6.353333,6.493333,6.133333,6.293333,5.993832,87799291
416,2018-09-07,6.313333,6.386666,6.146666,6.16,5.866844,228273081
417,2018-09-10,6.073333,6.113333,5.92,5.98,5.695411,239065261
418,2018-09-11,5.933333,6.013333,5.773333,5.84,5.574502,90911022
419,2018-09-12,5.74,5.806666,4.926666,5.0,4.772689,274306758
420,2018-09-13,5.186666,5.186666,4.646666,4.92,4.696326,326949369
421,2018-09-14,5.0,5.113333,4.9,4.953333,4.728144,166293816
422,2018-09-17,4.833333,4.946666,4.706666,4.753333,4.537238,84617020
423,2018-09-18,4.733333,4.946666,4.62,4.88,4.658146,131780458
424,2018-09-19,4.9,5.113333,4.84,5.006666,4.779053,118641897
425,2018-09-20,5.06,5.133333,4.833333,4.926666,4.70269,72400527
426,2018-09-21,4.966666,5.173333,4.906666,5.146666,4.912688,111559497
427,2018-09-24,5.086666,5.086666,4.913333,5.026666,4.798144,58809648
428,2018-09-26,4.98,5.213333,4.98,5.053333,4.823599,80897157
429,2018-09-27,5.046666,5.08,4.86,4.966666,4.740871,79953255
430,2018-09-28,5.04,5.04,4.813333,4.866666,4.645419,58615273
431,2018-10-02,4.873333,4.986666,4.733333,4.74,4.52451,67471497
432,2018-10-03,4.666666,4.813333,4.6,4.633333,4.422692,67399378
433,2018-10-04,4.58,4.6,4.44,4.5,4.295421,77437870
434,2018-10-05,4.413333,4.56,4.406666,4.513333,4.308147,67709853
435,2018-10-08,4.533333,4.573333,4.333333,4.34,4.142695,107581200
436,2018-10-09,4.333333,4.446666,4.313333,4.366666,4.168149,63943590
437,2018-10-10,4.413333,4.573333,4.36,4.366666,4.168149,59638717
438,2018-10-11,4.066666,4.226666,4.02,4.126666,3.93906,104073153
439,2018-10-12,4.166666,4.4,4.106666,4.34,4.142695,117482184
440,2018-10-15,4.406666,4.6,4.4,4.486666,4.282694,107210269
441,2018-10-16,4.573333,4.6,4.4,4.446666,4.244512,53426610
442,2018-10-18,4.566666,4.566666,4.353333,4.386666,4.18724,53250256
443,2018-10-19,4.3,4.553333,4.273333,4.453333,4.250876,100569162
444,2018-10-22,4.506666,4.96,4.506666,4.926666,4.70269,136245001
445,2018-10-23,4.833333,4.893333,4.58,4.606666,4.397237,90721465
446,2018-10-24,4.66,4.833333,4.58,4.66,4.448147,77134129
447,2018-10-25,4.506666,4.74,4.406666,4.733333,4.518147,83382211
448,2018-10-26,4.753333,4.786666,4.5,4.56,4.352693,66437178
449,2018-10-29,4.6,4.626666,4.353333,4.413333,4.212694,47308531
450,2018-10-30,4.433333,4.613333,4.326666,4.486666,4.282694,45893928
451,2018-10-31,4.58,4.753333,4.52,4.686666,4.473602,74139484
452,2018-11-01,4.753333,5.033333,4.74,4.92,4.696326,107863597
453,2018-11-02,5.42,5.46,5.133333,5.46,5.211777,186507205
454,2018-11-05,5.3,5.38,5.166666,5.286666,5.046324,84602044
455,2018-11-06,5.34,5.473333,5.2,5.473333,5.224504,72608418
456,2018-11-07,5.46,5.606666,5.4,5.46,5.211777,76907604
457,2018-11-08,5.586666,5.62,5.34,5.4,5.154505,45815569
458,2018-11-09,5.313333,5.386666,5.226666,5.26,5.02087,56059278
459,2018-11-12,5.226666,5.36,5.173333,5.34,5.097233,40277400
460,2018-11-13,5.173333,5.386666,5.073333,5.386666,5.141777,45402232
461,2018-11-14,5.506666,5.506666,5.1,5.146666,4.912688,68145387
462,2018-11-15,5.0,5.046666,4.786666,4.953333,4.728144,158075818
463,2018-11-16,4.94,4.953333,4.746666,4.906666,4.683598,102314221
464,2018-11-19,4.913333,5.013333,4.886666,5.006666,4.779053,70927650
465,2018-11-20,4.966666,4.966666,4.786666,4.793333,4.575418,45523630
466,2018-11-21,4.733333,4.98,4.72,4.96,4.734509,49517247
467,2018-11-22,4.96,4.96,4.713333,4.713333,4.499055,75780598
468,2018-11-23,4.5,4.713333,4.5,4.713333,4.499055,82483500
469,2018-11-26,4.746666,4.846666,4.733333,4.793333,4.575418,38379753
470,2018-11-27,4.813333,4.846666,4.666666,4.82,4.600873,36413139
471,2018-11-28,4.88,4.98,4.82,4.946666,4.72178,58142469
472,2018-11-29,5.006666,5.02,4.72,4.733333,4.518147,80239879
473,2018-11-30,4.746666,4.9,4.746666,4.76,4.543601,75799650
474,2018-12-03,4.893333,5.02,4.833333,4.873333,4.651782,110734347
475,2018-12-04,4.873333,4.9,4.786666,4.82,4.600873,131162719
476,2018-12-05,4.746666,4.746666,4.633333,4.633333,4.43496,116448052
477,2018-12-06,4.566666,4.606666,3.806666,3.893333,3.726643,395251110
478,2018-12-07,3.76,3.8,3.393333,3.586666,3.433106,614089263
479,2018-12-10,3.533333,3.673333,3.446666,3.526666,3.375674,178475460
480,2018-12-11,3.553333,3.646666,3.486666,3.613333,3.458631,138259905
481,2018-12-12,3.646666,3.66,3.573333,3.593333,3.439487,102722535
482,2018-12-13,3.58,3.666666,3.52,3.646666,3.490537,77665480
483,2018-12-14,3.593333,3.606666,3.44,3.473333,3.324625,98745394
484,2018-12-17,3.466666,3.533333,3.386666,3.5,3.35015,64862308
485,2018-12-18,3.486666,3.633333,3.466666,3.553333,3.4012,60855894
486,2018-12-19,3.553333,3.586666,3.44,3.466666,3.318244,61999134
487,2018-12-20,3.46,3.486666,3.346666,3.393333,3.24805,92797176
488,2018-12-21,3.346666,3.413333,3.326666,3.386666,3.241668,87776446
489,2018-12-24,3.34,3.433333,3.306666,3.433333,3.286337,27079632
490,2018-12-27,3.466666,3.5,3.3,3.333333,3.190619,59406552
491,2018-12-28,3.34,3.42,3.32,3.393333,3.24805,39410562
492,2018-12-31,3.44,3.453333,3.36,3.44,3.292719,29776149
493,2019-01-02,3.46,3.46,3.253333,3.313333,3.171475,61352448
494,2019-01-03,3.333333,3.333333,3.02,3.086666,2.954513,149926410
495,2019-01-04,3.033333,3.346666,3.02,3.346666,3.203381,143743560
496,2019-01-07,3.386666,3.433333,3.273333,3.34,3.197,75948763
497,2019-01-08,3.373333,3.38,3.28,3.366666,3.222525,55203781
498,2019-01-09,3.4,3.5,3.34,3.386666,3.241668,90493185
499,2019-01-10,3.42,3.793333,3.366666,3.78,3.618162,263437167
500,2019-01-11,3.78,3.78,3.586666,3.633333,3.477774,171196591
501,2019-01-14,3.633333,3.653333,3.54,3.573333,3.420343,50620134
502,2019-01-15,3.613333,3.653333,3.52,3.64,3.484156,80499682
503,2019-01-16,3.613333,3.96,3.606666,3.9,3.733025,193553239
504,2019-01-17,3.946666,4.113333,3.8,4.013333,3.841505,205436083
505,2019-01-18,4.113333,4.366666,4.106666,4.306666,4.12228,229379022
506,2019-01-21,4.34,4.366666,4.106666,4.153333,3.975512,117000423
507,2019-01-22,4.073333,4.126666,3.873333,4.02,3.847887,151486473
508,2019-01-23,3.953333,4.08,3.933333,4.066666,3.892555,84610612
509,2019-01-24,4.133333,4.133333,4.02,4.06,3.886175,82689522
510,2019-01-25,4.086666,4.106666,4.013333,4.06,3.886175,70231186
511,2019-01-28,4.08,4.093333,3.906666,4.0,3.828743,96876660
512,2019-01-29,3.966666,4.28,3.946666,4.253333,4.07123,154421940
513,2019-01-30,4.28,4.32,4.18,4.206666,4.026561,92452255
514,2019-01-31,4.28,4.4,4.24,4.4,4.211618,128501733
515,2019-02-01,4.44,4.473333,4.306666,4.466666,4.275429,111468466
516,2019-02-04,4.42,4.486666,4.36,4.486666,4.294573,39269595
517,2019-02-08,4.36,4.453333,4.2,4.4,4.211618,63546502
518,2019-02-11,4.393333,4.486666,4.28,4.473333,4.28181,84796023
519,2019-02-12,4.46,4.713333,4.4,4.7,4.498773,145798188
520,2019-02-13,4.72,4.733333,4.58,4.706666,4.505153,105425364
521,2019-02-14,4.726666,4.813333,4.666666,4.74,4.53706,89735010
522,2019-02-15,4.74,4.74,4.46,4.593333,4.396672,148857861
523,2019-02-18,4.633333,4.7,4.54,4.64,4.441341,98146776
524,2019-02-19,4.653333,4.653333,4.333333,4.36,4.173329,160528552
525,2019-02-20,4.426666,4.433333,4.14,4.273333,4.090373,165839523
526,2019-02-21,4.253333,4.42,4.24,4.346666,4.160566,87234750
527,2019-02-22,4.346666,4.406666,4.286666,4.386666,4.198854,70277386
528,2019-02-25,4.406666,4.46,4.306666,4.44,4.249905,103017000
529,2019-02-26,4.5,4.733333,4.34,4.673333,4.473248,181380810
530,2019-02-27,4.7,4.706666,4.533333,4.6,4.403054,73596010
531,2019-02-28,4.593333,4.6,4.46,4.54,4.345623,96250923
532,2019-03-01,4.58,4.58,4.386666,4.56,4.364767,72565404
533,2019-03-04,4.533333,4.793333,4.533333,4.68,4.479629,110426317
534,2019-03-05,4.673333,4.793333,4.64,4.713333,4.511534,63930015
535,2019-03-06,4.74,4.746666,4.606666,4.66,4.460485,58197534
536,2019-03-07,4.646666,4.666666,4.473333,4.533333,4.339241,65865217
537,2019-03-08,4.453333,4.513333,4.353333,4.373333,4.186092,61816258
538,2019-03-11,4.393333,4.646666,4.393333,4.633333,4.43496,89900227
539,2019-03-12,4.7,4.753333,4.653333,4.706666,4.505153,88552161
540,2019-03-13,4.686666,4.686666,4.513333,4.526666,4.33286,63026329
541,2019-03-14,4.58,4.593333,4.4,4.446666,4.256285,72868900
542,2019-03-15,4.5,4.613333,4.466666,4.58,4.383911,72691044
543,2019-03-18,4.653333,4.68,4.566666,4.68,4.479629,76099180
544,2019-03-19,4.733333,5.006666,4.7,4.92,4.709353,196818928
545,2019-03-20,5.0,5.0,4.733333,4.753333,4.549823,122175793
546,2019-03-21,4.813333,4.96,4.766666,4.9,4.690209,96081619
547,2019-03-22,4.966666,4.966666,4.773333,4.866666,4.658304,64855956
548,2019-03-25,4.686666,4.733333,4.626666,4.666666,4.466866,74692500
549,2019-03-26,4.753333,4.793333,4.586666,4.633333,4.43496,46865631
550,2019-03-27,4.646666,4.68,4.6,4.653333,4.454104,37440069
551,2019-03-28,4.66,4.68,4.54,4.606666,4.409435,41940430
552,2019-03-29,4.64,4.8,4.62,4.773333,4.568966,72654511
553,2019-04-01,4.873333,4.973333,4.84,4.88,4.671067,99470940
554,2019-04-02,4.953333,4.96,4.78,4.833333,4.626398,93812497
555,2019-04-03,4.88,5.033333,4.833333,4.986666,4.773165,120472399
556,2019-04-04,5.0,5.126666,4.906666,4.966666,4.754022,74300250
557,2019-04-08,5.02,5.32,4.986666,5.32,5.092228,150784975
558,2019-04-09,5.386666,5.66,5.346666,5.5,5.264522,169141665
559,2019-04-10,5.366666,5.453333,5.313333,5.44,5.20709,87259164
560,2019-04-11,5.6,5.6,5.32,5.36,5.130516,81099609
561,2019-04-12,5.34,5.386666,5.246666,5.333333,5.10499,44849650
562,2019-04-15,5.38,5.433333,5.2,5.22,4.99651,72007794
563,2019-04-16,5.26,5.326666,5.12,5.3,5.073085,54529336
564,2019-04-17,5.353333,5.36,5.18,5.313333,5.085846,47965692
565,2019-04-18,5.273333,5.273333,5.14,5.2,4.977365,54931131
566,2019-04-23,5.2,5.233333,5.02,5.046666,4.830597,88560522
567,2019-04-24,5.066666,5.193333,4.993333,5.086666,4.868884,64961539
568,2019-04-25,5.066666,5.18,4.966666,5.006666,4.792309,39224208
569,2019-04-26,4.98,5.06,4.94,5.006666,4.792309,42731656
570,2019-04-29,5.013333,5.093333,4.926666,5.053333,4.836978,41300460
571,2019-04-30,4.98,5.066666,4.946666,5.026666,4.811453,30187182
572,2019-05-02,4.946666,5.0,4.906666,4.993333,4.779547,42872836
573,2019-05-03,4.966666,5.173333,4.933333,5.133333,4.913553,49897296
574,2019-05-06,4.94,4.946666,4.76,4.886666,4.677447,113672085
575,2019-05-07,4.933333,5.086666,4.886666,4.92,4.709353,72013542
576,2019-05-08,4.806666,4.96,4.78,4.933333,4.722116,55798936
577,2019-05-09,4.88,4.88,4.686666,4.686666,4.486011,88776847
578,2019-05-10,4.786666,5.013333,4.766666,4.92,4.709353,87408798
579,2019-05-14,4.693333,4.993333,4.693333,4.953333,4.74126,100403941
580,2019-05-15,4.993333,5.2,4.953333,5.12,4.90079,92567361
581,2019-05-16,5.1,5.513333,5.06,5.42,5.187947,187518487
582,2019-05-17,5.533333,5.533333,5.206666,5.253333,5.028416,75920356
583,2019-05-20,5.306666,5.406666,5.1,5.213333,4.990129,92173047
584,2019-05-21,5.16,5.2,5.066666,5.106666,4.888027,74251483
585,2019-05-22,5.193333,5.286666,5.04,5.133333,4.913553,85248474
586,2019-05-23,5.12,5.12,4.813333,4.88,4.671067,94686037
587,2019-05-24,4.946666,5.02,4.866666,4.906666,4.696589,51781479
588,2019-05-27,4.926666,5.26,4.926666,5.22,4.99651,101905503
589,2019-05-28,5.266666,5.493333,5.12,5.386666,5.156039,158585383
590,2019-05-29,5.333333,5.366666,5.266666,5.273333,5.047559,54394870
591,2019-05-30,5.266666,5.293333,5.1,5.233333,5.009273,58826910
592,2019-05-31,5.22,5.393333,5.213333,5.273333,5.047559,69686715
593,2019-06-03,5.273333,5.273333,5.133333,5.206666,4.983747,36315450
594,2019-06-04,5.206666,5.206666,5.033333,5.08,4.862503,49396609
595,2019-06-05,5.146666,5.166666,4.5,4.653333,4.454104,280019743
596,2019-06-06,4.666666,4.7,4.493333,4.6,4.403054,98009140
597,2019-06-10,4.613333,4.8,4.58,4.76,4.556205,103784022
598,2019-06-11,4.773333,4.866666,4.693333,4.793333,4.58811,62621524
599,2019-06-12,4.733333,4.753333,4.64,4.666666,4.466866,49086414
600,2019-06-13,4.68,4.793333,4.64,4.7,4.498773,65826480
601,2019-06-14,4.726666,4.786666,4.673333,4.733333,4.543569,112699903
602,2019-06-17,4.8,4.913333,4.766666,4.813333,4.620361,65303965
603,2019-06-18,4.886666,4.96,4.826666,4.933333,4.735549,63992145
604,2019-06-19,5.0,5.153333,4.993333,5.1,4.895535,80832171
605,2019-06-20,5.106666,5.213333,5.066666,5.186666,4.978727,52844659
606,2019-06-21,5.186666,5.26,5.073333,5.12,4.914732,54707017
607,2019-06-24,5.08,5.36,5.073333,5.233333,5.023523,75861735
608,2019-06-25,5.213333,5.3,5.12,5.213333,5.004325,50650060
609,2019-06-26,5.22,5.433333,5.1,5.36,5.145112,89204025
610,2019-06-27,5.393333,5.453333,5.36,5.44,5.221903,73529193
611,2019-06-28,5.46,5.46,5.306666,5.326666,5.113113,47747190
612,2019-07-02,5.426666,5.593333,5.366666,5.54,5.317895,94963873
613,2019-07-03,5.54,5.666666,5.473333,5.626666,5.401086,64104880
614,2019-07-04,5.633333,5.92,5.626666,5.786666,5.554672,86650971
615,2019-07-05,5.853333,5.88,5.753333,5.866666,5.631464,58866759
616,2019-07-08,5.8,5.866666,5.56,5.666666,5.439483,77178778
617,2019-07-09,5.633333,5.673333,5.546666,5.626666,5.401086,51013462
618,2019-07-10,5.653333,5.94,5.626666,5.813333,5.58027,76657915
619,2019-07-11,5.866666,5.9,5.76,5.773333,5.541873,39930552
620,2019-07-12,5.72,5.786666,5.673333,5.68,5.452282,52612915
621,2019-07-15,5.666666,6.0,5.54,5.993333,5.753053,159190558
622,2019-07-16,6.033333,6.04,5.873333,5.953333,5.714657,99279103
623,2019-07-17,5.866666,5.98,5.84,5.913333,5.67626,34840558
624,2019-07-18,5.866666,5.96,5.846666,5.886666,5.650662,29506659
625,2019-07-19,5.946666,6.1,5.873333,6.0,5.759453,55903423
626,2019-07-22,5.9,5.98,5.846666,5.926666,5.689059,32909038
627,2019-07-23,6.033333,6.26,5.94,6.26,6.00903,86798500
628,2019-07-24,6.266666,6.326666,6.14,6.166666,5.919436,63339939
629,2019-07-25,6.2,6.446666,6.18,6.393333,6.137017,80222142
630,2019-07-26,6.333333,6.506666,6.293333,6.3,6.047425,80313897
631,2019-07-29,6.3,6.366666,6.18,6.333333,6.079423,48465297
632,2019-07-30,6.333333,6.5,6.333333,6.386666,6.130617,44209311
633,2019-07-31,6.366666,6.453333,6.206666,6.453333,6.194612,30767071
634,2019-08-01,6.346666,6.546666,6.34,6.4,6.143416,57810018
635,2019-08-02,6.146666,6.3,6.073333,6.086666,5.842645,103723135
636,2019-08-05,5.933333,6.1,5.873333,5.98,5.740255,88151953
637,2019-08-06,5.866666,6.22,5.786666,6.146666,5.900239,91892290
638,2019-08-07,6.226666,6.26,6.106666,6.173333,5.925837,65376352
639,2019-08-08,6.16,6.34,6.14,6.3,6.047425,43821183
640,2019-08-09,6.333333,6.453333,6.213333,6.213333,5.964232,43992375
641,2019-08-12,6.213333,6.386666,6.213333,6.286666,6.034626,42630984
642,2019-08-13,6.22,6.286666,6.013333,6.073333,5.829846,52961758
643,2019-08-14,6.213333,6.28,6.046666,6.046666,5.804249,66273244
644,2019-08-15,5.926666,6.113333,5.906666,6.04,5.797849,64317307
645,2019-08-16,6.033333,6.393333,6.0,6.28,6.028227,92345500
646,2019-08-19,6.36,6.666666,6.353333,6.62,6.354596,92418801
647,2019-08-20,6.666666,6.893333,6.646666,6.733333,6.463386,71567491
648,2019-08-21,6.746666,7.213333,6.733333,6.973333,6.693764,150629053
649,2019-08-22,7.026666,7.186666,6.92,7.04,6.757758,74470716
650,2019-08-23,7.04,7.306666,6.88,7.186666,6.898545,72281701
651,2019-08-26,6.893333,7.373333,6.813333,7.24,6.94974,99917539
652,2019-08-27,7.386666,7.453333,7.226666,7.333333,7.03933,89653899
653,2019-08-28,7.4,7.413333,7.0,7.08,6.796154,89404546
654,2019-08-29,6.933333,7.853333,6.706666,7.773333,7.461691,188536741
655,2019-08-30,7.8,8.106666,7.626666,7.773333,7.461691,97532185
656,2019-09-02,7.773333,8.16,7.693333,7.88,7.564082,96566992
657,2019-09-03,7.933333,8.04,7.746666,7.786666,7.47449,50395104
658,2019-09-04,7.88,7.986666,7.76,7.786666,7.47449,75067078
659,2019-09-05,7.68,8.12,7.68,7.866666,7.551282,101107602
660,2019-09-06,7.946666,7.946666,7.6,7.613333,7.308106,76742101
661,2019-09-09,7.733333,7.733333,7.146666,7.293333,7.000935,172986088
662,2019-09-10,7.253333,7.466666,7.16,7.293333,7.000935,97818180
663,2019-09-11,7.293333,7.333333,6.973333,7.173333,6.885746,79597563
664,2019-09-12,7.24,7.453333,7.12,7.226666,6.949859,47447857
665,2019-09-13,7.306666,7.333333,7.16,7.333333,7.052439,40675335
666,2019-09-16,7.186666,7.413333,7.106666,7.186666,6.91139,78890092
667,2019-09-17,7.186666,7.226666,7.0,7.2,6.924213,83236215
668,2019-09-18,7.266666,7.36,7.08,7.186666,6.91139,88517629
669,2019-09-19,7.24,7.24,7.053333,7.173333,6.898568,68862679
670,2019-09-20,7.2,7.293333,7.066666,7.12,6.847278,81105663
671,2019-09-23,7.133333,7.133333,6.84,6.906666,6.642115,90701512
672,2019-09-24,6.96,7.08,6.32,6.986666,6.719051,441025791
673,2019-09-25,6.92,6.92,6.56,6.613333,6.360018,148929373
674,2019-09-26,6.613333,6.813333,6.533333,6.706666,6.449776,92693667
675,2019-09-27,6.6,6.706666,6.54,6.693333,6.436954,35350809
676,2019-09-30,6.666666,6.76,6.58,6.64,6.385664,34404895
677,2019-10-02,6.66,6.733333,6.593333,6.706666,6.449776,33863142
678,2019-10-03,6.606666,6.8,6.606666,6.786666,6.526711,35328609
679,2019-10-04,6.866666,6.986666,6.653333,6.8,6.539536,61255467
680,2019-10-08,6.8,7.186666,6.746666,6.986666,6.719051,97905051
681,2019-10-09,6.92,7.08,6.88,7.0,6.731874,47884464
682,2019-10-10,7.066666,7.293333,7.026666,7.24,6.962681,69116002
683,2019-10-11,7.346666,7.426666,6.933333,7.213333,6.937036,139518423
684,2019-10-14,7.333333,7.466666,7.293333,7.44,7.155021,67377861
685,2019-10-15,7.506666,7.72,7.44,7.546666,7.257602,62171620
686,2019-10-16,7.48,7.626666,7.48,7.56,7.270423,40821030
687,2019-10-17,7.626666,7.76,7.373333,7.493333,7.20631,68043000
688,2019-10-18,7.4,7.56,7.4,7.44,7.155021,52550764
689,2019-10-21,7.453333,7.613333,7.4,7.453333,7.167843,40824277
690,2019-10-22,7.533333,7.56,7.306666,7.36,7.078085,35920248
691,2019-10-23,7.48,7.48,7.133333,7.2,6.924213,50307637
692,2019-10-24,7.226666,7.28,7.133333,7.28,7.001149,30101092
693,2019-10-25,7.306666,7.6,7.306666,7.533333,7.244779,62761146
694,2019-10-28,7.6,7.853333,7.546666,7.626666,7.334537,56747349
695,2019-10-29,7.773333,7.92,7.64,7.76,7.462763,62378928
696,2019-10-30,7.84,7.84,7.546666,7.733333,7.437118,50075121
697,2019-10-31,7.733333,7.906666,7.706666,7.813333,7.514054,47529961
698,2019-11-01,7.813333,7.84,7.693333,7.813333,7.514054,28266289
699,2019-11-04,7.853333,8.133333,7.813333,8.106666,7.79615,65155383
700,2019-11-05,8.133333,8.146666,7.786666,7.88,7.578168,65875024
701,2019-11-06,7.96,7.96,7.76,7.893333,7.590989,49319932
702,2019-11-07,7.933333,8.08,7.866666,8.066666,7.757682,52462012
703,2019-11-08,8.106666,8.106666,7.786666,7.866666,7.565343,52647316
704,2019-11-11,7.946666,7.946666,7.52,7.64,7.34736,77732569
705,2019-11-12,7.666666,7.733333,7.346666,7.52,7.231956,69988950
706,2019-11-13,7.346666,7.626666,7.333333,7.586666,7.296069,63020043
707,2019-11-14,7.64,7.773333,7.466666,7.533333,7.244779,34923271
708,2019-11-15,7.64,7.64,7.44,7.466666,7.180665,32271583
709,2019-11-18,7.466666,7.493333,7.306666,7.426666,7.142197,46118029
710,2019-11-19,7.493333,7.786666,7.346666,7.786666,7.488409,63540387
711,2019-11-20,7.746666,7.893333,7.613333,7.706666,7.411473,40091707
712,2019-11-21,7.626666,7.666666,7.453333,7.546666,7.257602,43641964
713,2019-11-22,7.48,7.573333,7.346666,7.506666,7.219133,45596796
714,2019-11-25,7.56,7.56,7.28,7.36,7.078085,61538499
715,2019-11-26,7.413333,7.586666,7.373333,7.466666,7.180665,71566702
716,2019-11-27,7.266666,7.36,7.04,7.12,6.847278,179381109
717,2019-11-28,7.013333,7.24,6.8,7.08,6.80881,160131142
718,2019-11-29,6.933333,7.08,6.66,6.733333,6.475422,189681723
719,2019-12-02,6.706666,6.84,6.606666,6.706666,6.449776,96370602
720,2019-12-03,6.666666,6.813333,6.66,6.786666,6.526711,50349010
721,2019-12-04,6.8,6.813333,6.72,6.746666,6.488245,39851881
722,2019-12-05,6.866666,6.986666,6.8,6.906666,6.642115,73439832
723,2019-12-06,6.92,7.12,6.866666,7.08,6.80881,186491520
724,2019-12-09,7.12,7.173333,6.693333,6.746666,6.488245,126206397
725,2019-12-10,6.8,6.853333,6.693333,6.746666,6.501092,44108952
726,2019-12-11,6.76,6.866666,6.746666,6.813333,6.565332,31387755
727,2019-12-12,6.893333,6.946666,6.813333,6.88,6.629572,47373553
728,2019-12-13,6.986666,6.986666,6.84,6.893333,6.64242,41959051
729,2019-12-16,6.893333,6.96,6.8,6.866666,6.616724,29675901
730,2019-12-17,6.946666,7.24,6.893333,7.12,6.860837,92201928
731,2019-12-18,7.146666,7.173333,6.946666,7.08,6.822292,55034911
732,2019-12-19,7.12,7.146666,7.0,7.066666,6.809444,38853529
733,2019-12-20,7.146666,7.266666,7.026666,7.173333,6.912228,67145109
734,2019-12-23,7.226666,7.373333,7.186666,7.346666,7.079252,62128681
735,2019-12-24,7.293333,7.44,7.293333,7.346666,7.079252,18327498
736,2019-12-27,7.44,7.506666,7.346666,7.453333,7.182037,45283596
737,2019-12-30,7.52,7.52,7.186666,7.253333,6.989316,65291142
738,2019-12-31,7.253333,7.306666,7.146666,7.266666,7.002164,28412688
739,2020-01-02,7.266666,7.373333,7.2,7.333333,7.066404,38330250
740,2020-01-03,7.4,7.413333,7.146666,7.213333,6.950772,50440714
741,2020-01-06,7.186666,7.186666,6.853333,7.0,6.745204,67720573
742,2020-01-07,7.013333,7.2,7.0,7.133333,6.873684,49351089
743,2020-01-08,6.906666,7.12,6.893333,7.08,6.822292,28067889
744,2020-01-09,7.2,7.306666,7.16,7.266666,7.002164,42028972
745,2020-01-10,7.32,7.386666,7.253333,7.32,7.053557,33900190
746,2020-01-13,7.4,7.44,7.293333,7.386666,7.117796,35285026
747,2020-01-14,7.453333,7.453333,7.2,7.293333,7.027861,46431322
748,2020-01-15,7.213333,7.32,7.066666,7.213333,6.950772,40253644
749,2020-01-16,7.253333,7.613333,7.186666,7.56,7.284821,104389869
750,2020-01-17,7.56,7.92,7.4,7.826666,7.541781,145425868
751,2020-01-20,8.0,8.333333,7.96,8.213333,7.914373,153152941
752,2020-01-21,8.293333,8.306666,7.826666,7.96,7.670261,131292291
753,2020-01-22,8.0,8.133333,7.92,8.08,7.785893,56751451
754,2020-01-23,8.0,8.053333,7.573333,7.706666,7.426148,131751045
755,2020-01-24,7.8,7.8,7.56,7.653333,7.374757,30508521
756,2020-01-29,7.466666,7.6,7.333333,7.426666,7.15634,55421686
757,2020-01-30,7.333333,7.466666,6.946666,7.013333,6.758052,94928286
758,2020-01-31,7.133333,7.2,6.88,6.946666,6.693812,59045868
759,2020-02-03,6.866666,7.4,6.866666,7.146666,6.886532,132769392
760,2020-02-04,7.24,7.4,7.093333,7.386666,7.117796,123931125
761,2020-02-05,7.44,7.653333,7.253333,7.426666,7.15634,84218407
762,2020-02-06,7.533333,7.613333,7.386666,7.52,7.246276,57664743
763,2020-02-07,7.346666,7.573333,7.333333,7.493333,7.22058,37195921
764,2020-02-10,7.426666,7.6,7.333333,7.506666,7.233428,59215699
765,2020-02-11,7.64,7.813333,7.546666,7.733333,7.451844,78048633
766,2020-02-12,7.786666,7.826666,7.68,7.733333,7.451844,52861497
767,2020-02-13,7.706666,7.773333,7.506666,7.733333,7.451844,55788145
768,2020-02-14,7.8,7.986666,7.786666,7.853333,7.567476,69774898
769,2020-02-17,7.92,7.973333,7.8,7.84,7.554629,27705913
770,2020-02-18,7.746666,7.84,7.573333,7.68,7.400453,40562250
771,2020-02-19,7.76,7.826666,7.666666,7.706666,7.426148,54658063
772,2020-02-20,7.866666,7.866666,7.6,7.64,7.361909,45279817
773,2020-02-21,7.56,7.626666,7.466666,7.52,7.246276,54551470
774,2020-02-24,7.626666,7.626666,7.266666,7.333333,7.066404,49727220
775,2020-02-25,7.333333,7.466666,7.2,7.44,7.169189,37380877
776,2020-02-26,7.506666,7.626666,7.333333,7.36,7.092102,69846814
777,2020-02-27,7.36,7.666666,7.346666,7.613333,7.336213,104760099
778,2020-02-28,7.426666,7.76,7.333333,7.52,7.246276,128230093
779,2020-03-02,7.573333,7.666666,7.44,7.573333,7.297669,53986860
780,2020-03-03,7.666666,7.906666,7.666666,7.8,7.516085,112166011
781,2020-03-04,7.893333,7.893333,7.6,7.853333,7.567476,69225043
782,2020-03-05,7.933333,8.293333,7.88,8.226666,7.927221,152952322
783,2020-03-06,8.133333,8.506666,8.106666,8.213333,7.914373,157712848
784,2020-03-09,7.733333,7.946666,7.613333,7.693333,7.413301,134551158
785,2020-03-10,7.92,7.92,7.36,7.573333,7.297669,101149878
786,2020-03-11,7.64,7.64,7.4,7.493333,7.22058,68871172
787,2020-03-12,7.333333,7.386666,7.026666,7.32,7.053557,105588261
788,2020-03-13,6.933333,7.533333,6.733333,7.386666,7.117796,152390002
789,2020-03-16,7.226666,7.306666,6.773333,6.946666,6.693812,126742507
790,2020-03-17,6.84,6.84,6.84,6.84,6.591029,0
791,2020-03-18,6.92,7.28,6.526666,6.746666,6.501092,153190618
792,2020-03-19,6.666666,6.866666,6.173333,6.466666,6.231284,155144587
793,2020-03-20,6.746666,6.906666,6.513333,6.84,6.591029,88872952
794,2020-03-23,6.6,6.76,6.553333,6.586666,6.346916,67064278
795,2020-03-24,7.213333,7.213333,6.906666,6.96,6.706661,109899547
796,2020-03-25,7.146666,7.266666,6.973333,7.213333,6.950772,70740391
797,2020-03-26,7.08,7.306666,6.973333,7.133333,6.873684,87319927
798,2020-03-27,7.253333,7.306666,7.0,7.08,6.822292,50390713
799,2020-03-30,6.973333,7.24,6.946666,7.12,6.860837,47006091
800,2020-03-31,6.68,6.826666,6.36,6.813333,6.565332,252048157
801,2020-04-01,6.506666,6.92,6.506666,6.72,6.475396,105170221
802,2020-04-02,6.813333,6.973333,6.62,6.893333,6.64242,65885608
803,2020-04-03,6.84,7.133333,6.84,7.026666,6.7709,43288162
804,2020-04-06,7.24,7.253333,6.973333,7.133333,6.873684,35220037
805,2020-04-07,7.266666,7.386666,7.12,7.333333,7.066404,88940946
806,2020-04-08,7.386666,7.386666,7.186666,7.28,7.015013,48475111
807,2020-04-09,7.333333,7.64,7.266666,7.52,7.246276,84978612
808,2020-04-14,7.613333,7.626666,7.44,7.48,7.207734,72691414
809,2020-04-15,7.533333,7.813333,7.466666,7.493333,7.22058,76080307
810,2020-04-16,7.4,7.626666,7.386666,7.453333,7.182037,65283015
811,2020-04-17,7.64,7.84,7.586666,7.693333,7.413301,91466176
812,2020-04-20,7.666666,8.0,7.613333,7.92,7.631717,66724668
813,2020-04-21,7.546666,7.6,7.2,7.293333,7.027861,585785823
814,2020-04-22,7.24,7.493333,7.2,7.386666,7.117796,121599598
815,2020-04-23,7.506666,7.666666,7.453333,7.506666,7.233428,90144282
816,2020-04-24,7.44,7.546666,7.346666,7.48,7.207734,66248205
817,2020-04-27,7.613333,7.746666,7.506666,7.68,7.400453,64568614
818,2020-04-28,7.64,7.72,7.533333,7.706666,7.426148,41855749
819,2020-04-29,7.8,7.813333,7.493333,7.56,7.284821,57967963
820,2020-05-04,7.413333,7.413333,7.24,7.333333,7.066404,72758173
821,2020-05-05,7.453333,7.573333,7.386666,7.48,7.207734,38133237
822,2020-05-06,7.586666,7.92,7.546666,7.893333,7.606021,101102647
823,2020-05-07,7.773333,7.96,7.733333,7.866666,7.580324,57008760
824,2020-05-08,7.973333,7.973333,7.84,7.92,7.631717,41030202
825,2020-05-11,8.0,8.173333,7.826666,7.88,7.593173,62788255
826,2020-05-12,7.786666,7.92,7.733333,7.786666,7.503237,72676309
827,2020-05-13,7.853333,8.106666,7.826666,8.0,7.708806,68195388
828,2020-05-14,7.92,8.093333,7.88,7.96,7.670261,45581593
829,2020-05-15,7.986666,8.106666,7.906666,7.973333,7.683109,46985497
830,2020-05-18,8.013333,8.2,7.826666,8.066666,7.773044,40249795
831,2020-05-19,8.226666,8.253333,8.053333,8.146666,7.850132,44017287
832,2020-05-20,8.106666,8.44,8.106666,8.266666,7.965765,76485162
833,2020-05-21,8.2,8.266666,7.906666,8.053333,7.760197,64251726
834,2020-05-22,7.826666,8.0,7.533333,7.6,7.323365,118177254
835,2020-05-25,7.6,7.733333,7.466666,7.666666,7.387604,68834107
836,2020-05-26,7.813333,8.106666,7.8,7.973333,7.683109,61347171
837,2020-05-27,8.133333,8.133333,7.813333,7.96,7.670261,49477540
838,2020-05-28,7.866666,7.906666,7.346666,7.573333,7.297669,126661095
839,2020-05-29,7.453333,8.253333,7.453333,8.133333,7.837286,266155108
840,2020-06-01,8.4,8.92,8.4,8.68,8.364055,140956960
841,2020-06-02,8.68,8.84,8.586666,8.706666,8.38975,73383718
842,2020-06-03,8.933333,8.973333,8.693333,8.853333,8.531078,68293387
843,2020-06-04,9.0,9.053333,8.84,9.0,8.672405,71708623
844,2020-06-05,9.0,9.186666,8.853333,9.133333,8.800886,54957813
845,2020-06-08,9.213333,9.493333,9.08,9.2,8.865127,77311027
846,2020-06-09,9.226666,9.373333,9.093333,9.12,8.788039,58069131
847,2020-06-10,9.266666,9.48,9.133333,9.28,8.942214,78248443
848,2020-06-11,9.333333,9.613333,9.2,9.24,8.90367,76941084
849,2020-06-12,8.973333,9.266666,8.853333,9.173333,8.852202,61875933
850,2020-06-15,8.8,9.453333,8.8,9.04,8.723537,73237536
851,2020-06-16,9.333333,9.56,9.266666,9.4,9.070934,69706320
852,2020-06-17,9.466666,9.853333,9.453333,9.84,9.495533,101336778
853,2020-06-18,9.72,9.786666,9.493333,9.733333,9.392599,64180851
854,2020-06-19,9.8,9.973333,9.653333,9.88,9.534133,63601203
855,2020-06-22,9.88,9.893333,9.506666,9.613333,9.2768,62138083
856,2020-06-23,9.546666,10.013333,9.48,9.973333,9.624198,51546093
857,2020-06-24,10.133333,10.133333,9.84,9.92,9.572732,29499846
858,2020-06-26,9.8,10.0,9.693333,9.733333,9.392599,46450612
859,2020-06-29,9.866666,9.88,9.546666,9.746666,9.405465,65157702
860,2020-06-30,9.946666,9.946666,9.666666,9.733333,9.392599,53527912
861,2020-07-02,9.866666,10.08,9.746666,9.853333,9.508398,68066751
862,2020-07-03,9.88,9.986666,9.693333,9.92,9.572732,54652465
863,2020-07-06,10.066666,10.066666,9.506666,9.506666,9.173867,137109009
864,2020-07-07,9.733333,9.906666,9.373333,9.72,9.379733,114513292
865,2020-07-08,9.866666,9.946666,9.773333,9.84,9.495533,55439242
866,2020-07-09,9.88,10.026666,9.6,9.933333,9.585599,68085802
867,2020-07-10,9.92,10.413333,9.76,10.133333,9.778595,98767042
868,2020-07-13,10.226666,10.466666,10.133333,10.173333,9.817197,103383091
869,2020-07-14,10.2,10.2,9.813333,10.013333,9.662799,56057080
870,2020-07-15,10.173333,10.506666,10.053333,10.093333,9.739997,84716557
871,2020-07-16,10.253333,10.32,9.6,9.666666,9.328266,83932912
872,2020-07-17,9.68,10.106666,9.653333,10.093333,9.739997,80515555
873,2020-07-20,10.28,10.5,9.8,10.06,9.707831,81113069
874,2020-07-21,10.1,11.02,10.1,10.76,10.383327,90713650
875,2020-07-22,10.9,11.24,10.42,10.42,10.055228,88640572
876,2020-07-23,10.58,10.94,10.38,10.88,10.499125,82554818
877,2020-07-24,10.24,10.56,9.82,9.94,9.592031,556379965
878,2020-07-27,10.1,10.34,10.0,10.16,9.804329,89764356
879,2020-07-28,10.38,10.4,9.98,10.14,9.785031,55540687
880,2020-07-29,10.2,10.2,9.91,9.99,9.640282,70038976
881,2020-07-30,10.16,10.32,9.96,10.16,9.804329,74991824
882,2020-07-31,10.24,10.32,10.02,10.1,9.746431,36573858
883,2020-08-03,10.02,10.2,9.8,10.0,9.649931,69519055
884,2020-08-04,10.1,10.14,9.91,10.0,9.649931,60216234
885,2020-08-05,10.02,10.1,9.85,9.97,9.620982,83085737
886,2020-08-06,10.04,10.06,9.72,9.91,9.56308,72398819
887,2020-08-07,9.91,9.91,9.47,9.7,9.360434,84042885
888,2020-08-10,9.5,9.54,9.24,9.37,9.041986,103634020
889,2020-08-11,9.42,9.44,9.19,9.4,9.070934,79906952
890,2020-08-12,9.38,9.42,9.02,9.2,8.877937,109141724
891,2020-08-13,9.25,9.39,9.15,9.26,8.935836,55765827
892,2020-08-14,9.22,9.32,9.11,9.16,8.839336,54981277
893,2020-08-17,9.2,9.47,9.09,9.25,8.926188,77613877
894,2020-08-18,9.38,9.62,9.29,9.46,9.128835,66078013
895,2020-08-19,9.46,9.59,9.36,9.4,9.070934,28081044
896,2020-08-20,9.32,9.38,9.06,9.19,8.868287,55551385
897,2020-08-21,9.25,9.3,9.12,9.18,8.858637,41731937
898,2020-08-24,9.29,9.45,9.26,9.39,9.061285,49754838
899,2020-08-25,9.46,9.47,8.86,9.02,8.704238,120931610
900,2020-08-26,9.02,9.29,9.0,9.11,8.791087,59325827
901,2020-08-27,9.05,9.14,8.89,9.1,8.781438,45532876
902,2020-08-28,9.17,9.35,9.03,9.24,8.916536,75309575
903,2020-08-31,9.15,9.3,8.95,8.95,8.636687,95768589
904,2020-09-01,8.8,8.98,8.8,8.89,8.578789,66080721
905,2020-09-02,8.97,9.32,8.85,9.27,8.945486,97828304
906,2020-09-03,9.37,9.5,9.21,9.25,8.926188,70621748
907,2020-09-04,9.08,9.14,8.95,9.09,8.771788,112872344
908,2020-09-07,9.05,9.08,8.72,8.89,8.578789,67689969
909,2020-09-08,8.98,9.0,8.65,8.8,8.49194,51661050
910,2020-09-09,8.88,8.88,8.62,8.78,8.472638,34841875
911,2020-09-10,8.78,8.92,8.66,8.68,8.376141,39655722
912,2020-09-11,8.72,8.87,8.63,8.82,8.511239,56594464
913,2020-09-14,8.88,8.95,8.7,8.87,8.578942,31780694
914,2020-09-15,8.79,9.06,8.79,9.0,8.704677,31893278
915,2020-09-16,9.07,9.17,8.96,9.03,8.733693,31205750
916,2020-09-17,8.98,9.1,8.77,8.91,8.61763,32338236
917,2020-09-18,9.0,9.0,8.81,8.93,8.636973,42298745
918,2020-09-21,8.95,9.07,8.75,8.79,8.501568,46489396
919,2020-09-22,8.7,8.85,8.61,8.68,8.395177,45400038
920,2020-09-23,8.62,9.03,8.62,8.9,8.607956,62470345
921,2020-09-24,8.76,8.94,8.67,8.78,8.491895,39560559
922,2020-09-25,8.8,8.86,8.51,8.58,8.298458,42702265
923,2020-09-28,8.59,8.69,8.47,8.56,8.279115,39263811
924,2020-09-29,8.5,8.65,8.38,8.41,8.134036,44317915
925,2020-09-30,8.65,8.65,8.44,8.44,8.163052,25902438
926,2020-10-05,8.55,8.56,8.29,8.31,8.037318,34166251
927,2020-10-06,8.4,8.65,8.36,8.54,8.25977,44648577
928,2020-10-07,8.46,8.77,8.46,8.69,8.404848,29418308
929,2020-10-08,8.7,8.7,8.5,8.6,8.317803,25067183
930,2020-10-09,8.66,8.67,8.36,8.47,8.192068,59580852
931,2020-10-12,8.55,8.61,8.47,8.53,8.250099,54063188
932,2020-10-14,8.52,8.52,8.24,8.3,8.027646,87631110
933,2020-10-15,8.3,8.33,8.1,8.13,7.863225,71061279
934,2020-10-16,8.01,8.15,7.78,7.95,7.689131,155386939
935,2020-10-19,8.06,8.15,7.89,8.02,7.756835,89647825
936,2020-10-20,7.95,8.15,7.94,8.02,7.756835,55200939
937,2020-10-21,8.04,8.1,8.01,8.03,7.766507,45633378
938,2020-10-22,8.11,8.16,7.86,7.98,7.718146,48680056
939,2020-10-23,8.0,8.0,7.82,7.94,7.67946,71929419
940,2020-10-27,7.92,7.92,7.73,7.83,7.573069,65502173
941,2020-10-28,7.88,8.06,7.68,7.99,7.727818,80196189
942,2020-10-29,7.96,7.96,7.8,7.94,7.67946,49583998
943,2020-10-30,8.04,8.04,7.72,7.82,7.563397,60529288
944,2020-11-02,7.8,7.8,7.6,7.7,7.447335,72334587
945,2020-11-03,7.7,7.96,7.65,7.87,7.611756,68639347
946,2020-11-04,7.88,8.06,7.85,7.94,7.67946,50919904
947,2020-11-05,8.1,8.33,8.05,8.15,7.882568,109146969
948,2020-11-06,8.17,8.21,7.98,8.12,7.853552,76219830
949,2020-11-09,8.22,8.29,8.13,8.16,7.892239,69240786
950,2020-11-10,8.31,8.31,7.97,8.01,7.747162,75165229
951,2020-11-11,8.13,8.14,7.82,7.93,7.669787,80072268
952,2020-11-12,7.85,8.19,7.85,7.98,7.718146,57673663
953,2020-11-13,8.07,8.1,7.88,7.94,7.67946,58534435
954,2020-11-16,8.08,8.08,7.81,7.87,7.611756,67650904
955,2020-11-17,7.81,7.86,7.67,7.77,7.515038,88209628
956,2020-11-18,7.82,7.86,7.65,7.7,7.447335,63265929
957,2020-11-19,7.71,7.88,7.65,7.8,7.544054,63062707
958,2020-11-20,7.74,7.94,7.74,7.88,7.621428,58007144
959,2020-11-23,7.94,7.95,7.7,7.75,7.495694,40960973
960,2020-11-24,7.75,7.79,7.66,7.73,7.47635,45205977
961,2020-11-25,7.7,7.77,7.6,7.64,7.389303,106770549
962,2020-11-26,7.66,7.71,7.56,7.62,7.369959,90394313
963,2020-11-27,7.63,7.65,7.46,7.59,7.340944,70243340
964,2020-11-30,7.65,7.85,7.56,7.8,7.544054,86951350
965,2020-12-01,7.28,7.38,6.72,6.88,6.654242,441206753
966,2020-12-02,6.8,6.87,6.59,6.65,6.431789,182888910
967,2020-12-03,6.5,6.9,6.5,6.71,6.48982,190921863
968,2020-12-04,6.78,6.81,6.64,6.69,6.470476,108746432
969,2020-12-07,6.88,7.09,6.56,7.0,6.770304,266892314
970,2020-12-08,7.1,7.25,6.83,6.9,6.673586,124464009
971,2020-12-09,6.95,7.04,6.74,6.84,6.615554,117713691
972,2020-12-10,6.82,6.86,6.75,6.81,6.586539,54737915
973,2020-12-11,6.8,6.82,6.57,6.73,6.528337,121214904
974,2020-12-14,6.79,6.86,6.66,6.76,6.557438,79517452
975,2020-12-15,6.8,7.15,6.76,7.12,6.90665,153113773
976,2020-12-16,7.18,7.4,7.16,7.29,7.071556,124360012
977,2020-12-17,7.3,7.87,7.3,7.86,7.624476,227498135
978,2020-12-18,7.97,7.97,7.68,7.81,7.575974,137790156
979,2020-12-21,7.77,7.87,7.59,7.7,7.46927,87350893
980,2020-12-22,7.65,7.79,7.52,7.61,7.381967,72909704
981,2020-12-23,7.61,7.65,7.38,7.47,7.246162,76268305
982,2020-12-24,7.43,7.43,7.43,7.43,7.207361,0
983,2020-12-28,7.5,7.66,7.38,7.47,7.246162,63107914
984,2020-12-29,7.48,7.76,7.44,7.65,7.420769,75223077
985,2020-12-30,7.7,7.71,7.38,7.54,7.314065,78466199
986,2020-12-31,7.55,7.55,7.55,7.55,7.323766,0
987,2021-01-04,7.5,7.89,7.49,7.7,7.46927,79140984
988,2021-01-05,7.69,7.69,7.49,7.6,7.372266,59015302
989,2021-01-06,7.57,7.75,7.51,7.63,7.401368,61381494
990,2021-01-07,7.58,7.67,7.39,7.48,7.255863,64068349
991,2021-01-08,7.56,7.67,7.39,7.57,7.343166,106479164
992,2021-01-11,7.62,7.65,7.4,7.47,7.246162,59367192
993,2021-01-12,7.47,7.52,7.28,7.36,7.139459,65703749
994,2021-01-13,7.21,7.36,7.02,7.13,6.91635,133242108
995,2021-01-14,7.04,7.1,6.9,7.1,6.88725,101422348
996,2021-01-15,7.19,7.2,7.0,7.06,6.848448,60648201
997,2021-01-18,6.99,7.1,6.96,7.04,6.829048,67958031
998,2021-01-19,7.04,7.45,7.04,7.37,7.149159,130020046
999,2021-01-20,7.41,7.85,7.36,7.79,7.556574,167734099
1000,2021-01-21,7.9,8.3,7.85,8.1,7.857285,221842291
1001,2021-01-22,8.25,8.25,7.84,7.98,7.74088,103249968
1002,2021-01-25,8.01,8.03,7.73,7.82,7.585675,85697261
1003,2021-01-26,7.82,7.82,7.53,7.66,7.430469,89610951
1004,2021-01-27,7.61,7.78,7.46,7.51,7.284964,71333452
1005,2021-01-28,7.51,7.51,7.22,7.25,7.032754,88650021
1006,2021-01-29,7.3,7.51,7.16,7.23,7.013354,66794954
1007,2021-02-01,7.23,7.41,7.14,7.29,7.071556,68801070
1008,2021-02-02,7.4,7.78,7.33,7.61,7.381967,94597142
1009,2021-02-03,7.57,7.74,7.46,7.61,7.381967,79038971
1010,2021-02-04,8.14,8.23,7.46,7.6,7.372266,159011169
1011,2021-02-05,7.68,7.69,7.37,7.44,7.217061,73346910
1012,2021-02-08,7.75,7.75,7.46,7.49,7.265563,88454701
1013,2021-02-09,7.54,7.56,7.36,7.48,7.255863,34481763
1014,2021-02-10,7.56,7.64,7.53,7.57,7.343166,42187333
1015,2021-02-11,7.6,7.6,7.6,7.6,7.372266,0
1016,2021-02-16,7.74,7.77,7.57,7.62,7.391668,45522750
1017,2021-02-17,7.62,7.75,7.54,7.73,7.498372,52106837
1018,2021-02-18,7.73,7.85,7.57,7.59,7.362567,78617429
1019,2021-02-19,7.6,7.64,7.49,7.63,7.401368,49135414
1020,2021-02-22,7.72,7.75,7.4,7.4,7.17826,67646601
1021,2021-02-23,7.66,8.58,7.55,8.29,8.041592,385105159
1022,2021-02-24,8.44,8.86,8.27,8.5,8.245298,369911957
1023,2021-02-25,8.8,9.16,8.63,8.75,8.487807,277506038
1024,2021-02-26,8.5,9.05,8.3,8.63,8.371404,208829371
1025,2021-03-01,8.88,8.92,8.5,8.67,8.410205,112918673
1026,2021-03-02,8.81,9.24,8.76,9.06,8.788519,196451890
1027,2021-03-03,9.13,9.14,8.62,8.8,8.536309,87807020
1028,2021-03-04,8.7,8.75,8.36,8.48,8.225898,85920271
1029,2021-03-05,8.51,8.51,8.1,8.28,8.03189,70217017
1030,2021-03-08,8.22,8.39,7.87,7.95,7.711779,97391249
1031,2021-03-09,8.17,8.17,7.74,8.02,7.779682,77719787
1032,2021-03-10,8.13,8.29,8.04,8.28,8.03189,82844583
1033,2021-03-11,8.35,8.55,8.16,8.5,8.245298,74706589
1034,2021-03-12,8.65,8.65,8.31,8.37,8.119193,56061740
1035,2021-03-15,8.46,8.59,8.26,8.51,8.254999,48495000
1036,2021-03-16,8.6,8.96,8.47,8.8,8.536309,84380756
1037,2021-03-17,8.89,9.04,8.81,8.96,8.691515,61441617
1038,2021-03-18,9.06,9.06,8.76,8.85,8.584812,50378448
1039,2021-03-19,8.63,8.77,8.58,8.61,8.352002,62894791
1040,2021-03-22,8.55,8.61,8.36,8.52,8.2647,54613932
1041,2021-03-23,8.52,8.59,8.15,8.31,8.060992,40284719
1042,2021-03-24,8.31,8.31,7.91,7.98,7.74088,84104327
1043,2021-03-25,8.0,8.08,7.6,7.68,7.44987,123018775
1044,2021-03-26,7.78,8.07,7.75,8.0,7.760281,94467935
1045,2021-03-29,8.0,8.07,7.78,7.8,7.566274,62989388
1046,2021-03-30,7.86,8.03,7.78,7.81,7.575974,51329871
1047,2021-03-31,7.85,7.94,7.74,7.78,7.546874,46338429
1048,2021-04-01,7.83,7.94,7.62,7.76,7.527473,80210576
1049,2021-04-07,7.87,8.08,7.75,7.95,7.711779,89313924
1050,2021-04-08,7.95,8.26,7.88,8.2,7.954288,58492078
1051,2021-04-09,8.29,8.29,8.04,8.1,7.857285,40265820
1052,2021-04-12,8.15,8.15,7.82,7.96,7.721479,38420407
1053,2021-04-13,7.84,8.1,7.84,7.96,7.721479,37468801
1054,2021-04-14,8.02,8.1,7.92,8.06,7.818484,40333251
1055,2021-04-15,8.09,8.21,7.97,8.16,7.915487,44311738
1056,2021-04-16,8.19,8.2,7.99,8.06,7.818484,34869124
1057,2021-04-19,8.1,8.31,8.02,8.28,8.03189,59387485
1058,2021-04-20,8.26,8.28,8.13,8.19,7.944587,39335478
1059,2021-04-21,8.15,8.27,8.06,8.2,7.954288,33392146
1060,2021-04-22,8.23,8.53,8.21,8.37,8.119193,72926923
1061,2021-04-23,8.47,8.5,8.39,8.45,8.196797,39722968
1062,2021-04-26,8.45,8.52,8.25,8.3,8.051292,47007724
1063,2021-04-27,8.3,8.45,8.26,8.41,8.157995,34644816
1064,2021-04-28,8.42,8.47,8.18,8.38,8.128895,50632480
1065,2021-04-29,8.4,8.4,8.2,8.31,8.060992,19060546
1066,2021-04-30,8.25,8.42,8.24,8.37,8.119193,35431023
1067,2021-05-03,8.45,8.55,8.23,8.41,8.157995,35545347
1068,2021-05-04,8.5,8.6,8.43,8.52,8.2647,50764218
1069,2021-05-05,8.53,8.56,8.26,8.4,8.148294,44771568
1070,2021-05-06,8.49,8.49,7.75,7.91,7.672977,161490429
1071,2021-05-07,7.96,8.05,7.9,7.96,7.721479,54189401
1072,2021-05-10,8.1,8.42,8.09,8.17,7.925188,61107497
1073,2021-05-11,8.0,8.25,7.96,8.13,7.886386,51569994
1074,2021-05-12,8.08,8.24,8.02,8.2,7.954288,34269227
1075,2021-05-13,8.15,8.38,8.11,8.2,7.954288,45610767
1076,2021-05-14,8.29,8.5,8.14,8.49,8.235599,88811196
1077,2021-05-17,8.5,8.58,8.35,8.43,8.177396,48607265
1078,2021-05-18,8.5,8.94,8.47,8.87,8.604212,140534833
1079,2021-05-20,8.78,8.93,8.5,8.58,8.322902,66839189
1080,2021-05-21,8.63,8.85,8.57,8.77,8.507209,62935311
1081,2021-05-24,8.88,9.18,8.78,9.05,8.778819,137967323
1082,2021-05-25,9.49,9.69,8.65,8.79,8.526609,256119247
1083,2021-05-26,8.84,8.92,8.61,8.76,8.497509,137113600
1084,2021-05-27,8.76,9.14,8.76,9.0,8.730315,183809875
1085,2021-05-28,9.0,9.01,8.56,8.6,8.342302,123530213
1086,2021-05-31,8.68,8.77,8.55,8.72,8.458706,78603095
1087,2021-06-01,8.73,8.73,8.4,8.63,8.371404,68016884
1088,2021-06-02,8.78,8.84,8.67,8.71,8.449005,91729428
1089,2021-06-03,8.8,8.8,8.63,8.7,8.439305,48065421
1090,2021-06-04,8.6,8.69,8.55,8.6,8.342302,67947179
1091,2021-06-07,8.7,8.75,8.55,8.74,8.478106,72822310
1092,2021-06-08,8.74,8.78,8.49,8.54,8.284101,60772669
1093,2021-06-09,8.56,8.6,8.46,8.49,8.235599,38737342
1094,2021-06-10,8.54,8.56,8.39,8.47,8.216199,39939623
1095,2021-06-11,8.5,8.5,8.23,8.3,8.051292,68660245
1096,2021-06-15,8.32,8.35,8.09,8.22,7.973689,62628992
1097,2021-06-16,8.21,8.23,7.9,7.95,7.711779,77809714
1098,2021-06-17,7.95,7.96,7.83,7.88,7.643877,53392256
1099,2021-06-18,7.81,7.9,7.6,7.73,7.517452,103876763
1100,2021-06-21,7.65,7.7,7.42,7.6,7.391026,95497754
1101,2021-06-22,7.68,7.71,7.48,7.63,7.420201,66956592
1102,2021-06-23,7.66,7.67,7.43,7.61,7.400751,200928700
1103,2021-06-24,7.67,7.84,7.6,7.7,7.488276,104757483
1104,2021-06-25,7.74,7.77,7.52,7.72,7.507726,103568953
1105,2021-06-28,7.72,7.78,7.64,7.75,7.536901,32040302
1106,2021-06-29,7.82,7.9,7.66,7.72,7.507726,77183521
1107,2021-06-30,7.7,7.71,7.48,7.62,7.410476,91856538
1108,2021-07-02,7.61,7.69,7.41,7.47,7.2646,85508535
1109,2021-07-05,7.4,7.48,7.29,7.33,7.12845,52618421
1110,2021-07-06,7.33,7.35,6.98,7.13,6.933949,103299783
1111,2021-07-07,7.12,7.24,7.04,7.12,6.924224,37316560
1112,2021-07-08,7.16,7.24,6.99,7.03,6.836699,56057809
1113,2021-07-09,7.09,7.09,6.9,6.95,6.758899,63192107
1114,2021-07-12,6.97,7.1,6.9,7.0,6.807524,45843584
1115,2021-07-13,7.1,7.16,7.0,7.03,6.836699,42326402
1116,2021-07-14,7.03,7.31,7.01,7.2,7.002025,50829569
1117,2021-07-15,7.2,7.35,7.15,7.27,7.0701,56678524
1118,2021-07-16,7.27,7.27,7.07,7.09,6.89505,52427353
1119,2021-07-19,7.05,7.19,7.0,7.16,6.963124,42641431
1120,2021-07-20,7.16,7.21,7.04,7.05,6.856149,52411210
1121,2021-07-21,7.09,7.1,6.93,6.99,6.797799,43401332
1122,2021-07-22,7.08,7.11,6.93,7.05,6.856149,46799765
1123,2021-07-23,7.01,7.12,6.94,6.99,6.797799,28646044
1124,2021-07-26,6.95,6.95,6.6,6.67,6.486598,85124499
1125,2021-07-27,6.63,6.8,6.2,6.33,6.155947,148117471
1126,2021-07-28,6.44,6.62,6.37,6.49,6.311547,84910762
1127,2021-07-29,6.62,6.75,6.48,6.63,6.447698,77101400
1128,2021-07-30,6.56,6.6,6.39,6.6,6.418523,59463640
1129,2021-08-02,6.62,6.75,6.54,6.69,6.506048,50298075
1130,2021-08-03,6.64,6.91,6.64,6.84,6.651924,58723390
1131,2021-08-04,6.86,6.96,6.77,6.92,6.729724,55952180
1132,2021-08-05,6.92,7.02,6.82,6.87,6.681098,44388956
1133,2021-08-06,6.9,6.98,6.74,6.94,6.749174,55447474
1134,2021-08-09,6.79,6.88,6.72,6.8,6.613023,46980226
1135,2021-08-10,6.8,6.93,6.76,6.91,6.719998,40860736
1136,2021-08-11,6.83,6.92,6.79,6.85,6.661649,39257626
1137,2021-08-12,6.79,6.82,6.55,6.66,6.476872,64770161
1138,2021-08-13,6.57,6.73,6.53,6.62,6.437973,31371613
1139,2021-08-16,6.62,6.72,6.56,6.6,6.418523,33934196
1140,2021-08-17,6.62,6.73,6.45,6.5,6.321272,50946357
1141,2021-08-18,6.5,6.6,6.44,6.46,6.282372,34482693
1142,2021-08-19,7.01,7.05,6.52,6.62,6.437973,168180426
1143,2021-08-20,6.69,6.69,6.26,6.31,6.136497,101778366
1144,2021-08-23,6.3,6.49,6.26,6.41,6.233747,52314151
1145,2021-08-24,6.42,6.56,6.41,6.46,6.282372,36558173
1146,2021-08-25,6.5,6.62,6.39,6.45,6.272647,40899134
1147,2021-08-26,6.39,6.43,6.2,6.26,6.087872,64666618
1148,2021-08-27,6.26,6.34,6.22,6.24,6.068421,24048171
1149,2021-08-30,6.24,6.41,6.18,6.35,6.175397,36136816
1150,2021-08-31,6.43,6.53,6.34,6.51,6.330998,79269261
1151,2021-09-01,6.54,6.83,6.42,6.71,6.525498,88651296
1152,2021-09-02,6.81,6.86,6.62,6.68,6.496323,55908271
1153,2021-09-03,6.67,6.88,6.66,6.82,6.632474,75010676
1154,2021-09-06,6.81,6.97,6.81,6.85,6.661649,52978303
1155,2021-09-07,6.89,6.89,6.73,6.78,6.593574,41559862
1156,2021-09-08,6.78,6.87,6.75,6.77,6.583848,42547436
1157,2021-09-09,6.71,6.77,6.56,6.62,6.437973,61134333
1158,2021-09-10,6.69,6.81,6.63,6.79,6.603298,43976720
1159,2021-09-13,6.79,6.79,6.64,6.71,6.544776,34024543
1160,2021-09-14,6.73,6.75,6.61,6.67,6.505761,23913109
1161,2021-09-15,6.71,6.71,6.39,6.43,6.27167,53822751
1162,2021-09-16,6.42,6.42,6.15,6.27,6.11561,59704935
1163,2021-09-17,6.29,6.37,6.23,6.36,6.203394,35494174
1164,2021-09-20,6.27,6.33,6.13,6.24,6.086349,29909414
1165,2021-09-21,6.22,6.37,6.15,6.23,6.076595,33728082
1166,2021-09-23,6.34,6.38,6.25,6.34,6.183887,31438148
1167,2021-09-24,6.26,6.39,6.21,6.28,6.125364,26712086
1168,2021-09-27,6.35,6.46,6.27,6.28,6.125364,35791364
1169,2021-09-28,6.25,6.31,6.16,6.22,6.066841,36032565
1170,2021-09-29,6.2,6.34,6.15,6.31,6.154625,31436526
1171,2021-09-30,6.31,6.52,6.27,6.46,6.300931,49691693
1172,2021-10-04,6.38,6.46,6.03,6.13,5.979058,77265544
1173,2021-10-05,6.05,6.12,5.81,5.94,5.793736,65785710
1174,2021-10-06,5.99,5.99,5.6,5.74,5.59866,87456922
1175,2021-10-07,5.8,5.84,5.72,5.8,5.657183,34376043
1176,2021-10-08,5.86,5.97,5.84,5.92,5.774228,52808231
1177,2021-10-11,5.95,6.13,5.95,6.01,5.862012,35166239
1178,2021-10-12,5.96,6.0,5.86,5.9,5.754721,32368324
1179,2021-10-15,6.0,6.05,5.86,6.01,5.862012,38566218
1180,2021-10-18,6.06,6.09,5.92,6.02,5.871766,26189943
1181,2021-10-19,5.96,6.06,5.96,6.06,5.910781,35382665
1182,2021-10-20,6.06,6.08,6.01,6.06,5.910781,23582125
1183,2021-10-21,6.05,6.07,5.86,5.97,5.822997,31486316
1184,2021-10-22,5.96,6.03,5.91,5.99,5.842505,22882809
1185,2021-10-25,5.93,6.05,5.91,5.95,5.803489,23071248
1186,2021-10-26,5.95,5.95,5.75,5.8,5.657183,51830437
1187,2021-10-27,5.8,5.85,5.72,5.76,5.618168,33536245
1188,2021-10-28,5.8,5.83,5.7,5.75,5.608414,31860551
1189,2021-10-29,5.75,5.78,5.62,5.76,5.618168,28891639
1190,2021-11-01,5.76,5.76,5.63,5.73,5.588907,23934653
1191,2021-11-02,5.73,5.77,5.55,5.58,5.4426,46583917
1192,2021-11-03,5.6,5.67,5.5,5.56,5.423092,29925455
1193,2021-11-04,5.58,5.69,5.53,5.64,5.501122,35256128
1194,2021-11-05,5.59,5.64,5.46,5.49,5.354816,32185729
1195,2021-11-08,5.47,5.52,5.28,5.4,5.267033,57245814
1196,2021-11-09,5.47,5.53,5.4,5.47,5.335309,21240283
1197,2021-11-10,5.47,5.62,5.4,5.61,5.471861,40539686
1198,2021-11-11,5.57,5.67,5.5,5.65,5.510877,25844506
1199,2021-11-12,5.7,5.7,5.53,5.58,5.4426,22293514
1200,2021-11-15,5.59,5.66,5.54,5.59,5.452354,18005496
1201,2021-11-16,5.59,5.88,5.51,5.8,5.657183,47056274
1202,2021-11-17,5.8,5.93,5.77,5.9,5.754721,36537281
1203,2021-11-18,5.84,5.91,5.79,5.83,5.686444,21711894
1204,2021-11-19,5.89,5.9,5.72,5.8,5.657183,23031684
1205,2021-11-22,5.77,5.85,5.72,5.74,5.59866,13760633
1206,2021-11-23,5.74,5.74,5.62,5.62,5.481615,21687564
1207,2021-11-24,5.61,5.67,5.55,5.63,5.491369,21750854
1208,2021-11-25,5.63,5.76,5.59,5.72,5.579153,20313503
1209,2021-11-26,5.72,5.72,5.6,5.62,5.481615,18569863
1210,2021-11-29,5.73,5.89,5.6,5.64,5.501122,40933707
1211,2021-11-30,5.7,5.77,5.52,5.69,5.549891,76541771
1212,2021-12-01,5.71,5.71,5.52,5.55,5.41334,44569324
1213,2021-12-02,5.51,5.6,5.49,5.5,5.36457,29658435
1214,2021-12-03,5.5,5.79,5.49,5.7,5.559645,71761585
1215,2021-12-06,5.8,5.8,5.52,5.57,5.432847,41296931
1216,2021-12-07,5.55,5.56,5.33,5.45,5.315801,68458120
1217,2021-12-08,5.49,5.64,5.4,5.53,5.393832,32936335
1218,2021-12-09,5.57,5.8,5.57,5.77,5.627922,44402342
1219,2021-12-10,5.72,5.75,5.62,5.65,5.510877,33812029
1220,2021-12-13,5.73,5.77,5.57,5.63,5.491369,38213818
1221,2021-12-14,5.63,5.68,5.55,5.58,5.4426,30227815
1222,2021-12-15,5.58,5.64,5.21,5.3,5.169495,93871101
1223,2021-12-16,5.24,5.52,5.24,5.47,5.335309,64530109
1224,2021-12-17,5.5,5.51,5.34,5.41,5.276786,48185126
1225,2021-12-20,5.38,5.5,5.32,5.36,5.228017,46362454
1226,2021-12-21,5.36,5.5,5.31,5.42,5.28654,35245114
1227,2021-12-22,5.39,5.49,5.38,5.46,5.325555,23309648
1228,2021-12-23,5.48,5.49,5.41,5.46,5.325555,24648001
1229,2021-12-24,5.44,5.44,5.44,5.44,5.306047,0
1230,2021-12-28,5.46,5.55,5.42,5.47,5.335309,29204115
1231,2021-12-29,5.47,5.47,5.28,5.32,5.189003,37198975
1232,2021-12-30,5.32,5.42,5.21,5.36,5.228017,21271961
1233,2021-12-31,5.43,5.52,5.3,5.46,5.325555,12595943
1234,2022-01-03,5.46,5.63,5.46,5.62,5.481615,29387091
1235,2022-01-04,5.68,5.77,5.62,5.75,5.608414,67907224
1236,2022-01-05,5.74,5.85,5.71,5.83,5.686444,55061159
1237,2022-01-06,5.83,5.85,5.68,5.84,5.696198,49876924
1238,2022-01-07,5.84,5.9,5.76,5.86,5.715705,30127043
1239,2022-01-10,5.9,6.3,5.86,6.21,6.057087,93923911
1240,2022-01-11,6.18,6.25,6.07,6.11,5.95955,61001765
1241,2022-01-12,6.11,6.16,5.99,6.03,5.88152,47909464
1242,2022-01-13,6.03,6.07,5.93,5.97,5.822997,26704378
1243,2022-01-14,6.02,6.23,5.9,6.15,5.998565,41766550
1244,2022-01-17,6.15,6.22,6.1,6.15,5.998565,22204010
1245,2022-01-18,6.15,6.21,6.0,6.05,5.901027,34321489
1246,2022-01-19,6.05,6.06,5.89,6.04,5.891273,38024972
1247,2022-01-20,6.07,6.07,5.94,6.05,5.901027,33386542
1248,2022-01-21,6.05,6.21,6.04,6.08,5.930288,45798218
1249,2022-01-24,6.1,6.11,5.9,5.93,5.783982,45905680
1250,2022-01-25,5.85,5.87,5.55,5.6,5.462108,80579157
1251,2022-01-26,5.6,5.61,5.48,5.52,5.384078,48816709
1252,2022-01-27,5.5,5.51,5.33,5.42,5.28654,34728786
1253,2022-01-28,5.42,5.43,5.31,5.35,5.218264,28124626
1254,2022-01-31,5.39,5.39,5.39,5.39,5.257278,0
1255,2022-02-04,5.47,5.51,5.34,5.46,5.325555,23112739
1256,2022-02-07,5.44,5.56,5.44,5.5,5.36457,29684608
1257,2022-02-08,5.47,5.51,5.37,5.49,5.354816,29366434
1258,2022-02-09,5.53,5.65,5.53,5.59,5.452354,33166763
1259,2022-02-10,5.61,5.65,5.58,5.62,5.481615,20843887
1260,2022-02-11,5.52,5.62,5.44,5.5,5.36457,37211441
1261,2022-02-14,5.43,5.49,5.36,5.47,5.335309,22296537
1262,2022-02-15,5.4,5.61,5.4,5.51,5.374324,23083260
1263,2022-02-16,5.53,5.56,5.44,5.49,5.354816,24929109
1264,2022-02-17,5.5,5.61,5.48,5.56,5.423092,22388900
1265,2022-02-18,5.5,5.56,5.49,5.51,5.374324,24736235
1266,2022-02-21,5.5,5.59,5.49,5.56,5.423092,30670975
1267,2022-02-22,5.49,5.49,5.37,5.42,5.28654,34263741
1268,2022-02-23,5.45,5.52,5.4,5.49,5.354816,21015094
1269,2022-02-24,5.46,5.48,5.17,5.21,5.081711,60369677
1270,2022-02-25,5.21,5.29,5.2,5.25,5.120726,42385822
1271,2022-02-28,5.25,5.25,4.97,4.98,4.857374,65668464
1272,2022-03-01,4.99,5.04,4.9,4.98,4.857374,44918313
1273,2022-03-02,4.97,4.97,4.73,4.79,4.672053,56672189
1274,2022-03-03,4.79,4.87,4.74,4.82,4.701314,37489470
1275,2022-03-04,4.74,4.74,4.54,4.62,4.506239,101943991
1276,2022-03-07,4.5,4.51,4.39,4.4,4.291656,69164325
1277,2022-03-08,4.42,4.51,4.27,4.28,4.174611,54905666
1278,2022-03-09,4.41,4.42,4.2,4.33,4.22338,48306319
1279,2022-03-10,4.38,4.45,4.36,4.44,4.330671,33915817
1280,2022-03-11,4.41,4.46,4.3,4.39,4.281902,45231666
1281,2022-03-14,4.47,4.48,4.05,4.09,3.98929,67683776
1282,2022-03-15,4.09,4.09,3.71,3.8,3.70643,104712667
1283,2022-03-16,4.1,4.18,3.99,4.12,4.01855,179379380
1284,2022-03-17,4.3,4.63,4.17,4.62,4.506239,190542651
1285,2022-03-18,4.66,4.7,4.46,4.6,4.486732,127791842
1286,2022-03-21,4.73,4.73,4.56,4.64,4.525746,55067006
1287,2022-03-22,4.73,4.75,4.64,4.75,4.633038,37880004
1288,2022-03-23,4.75,5.0,4.72,4.96,4.837867,83535752
1289,2022-03-24,4.94,5.12,4.88,5.08,4.954912,69579519
1290,2022-03-25,5.08,5.08,4.78,4.84,4.720822,37893613
1291,2022-03-28,4.84,4.93,4.73,4.89,4.76959,30008606
1292,2022-03-29,4.89,4.97,4.85,4.97,4.84762,22030941
1293,2022-03-30,4.97,5.01,4.82,4.97,4.84762,40930771
1294,2022-03-31,4.98,5.04,4.85,4.89,4.76959,40208723
1295,2022-04-01,4.79,4.87,4.46,4.5,4.389194,92644134
1296,2022-04-04,4.54,4.64,4.52,4.54,4.428209,56423976
1297,2022-04-06,4.48,4.5,4.37,4.4,4.291656,84288918
1298,2022-04-07,4.4,4.51,4.29,4.31,4.203872,60274659
1299,2022-04-08,4.31,4.39,4.25,4.38,4.272149,30041906
1300,2022-04-11,4.36,4.36,4.12,4.15,4.047812,55710585
1301,2022-04-12,4.18,4.23,4.03,4.13,4.028305,51180695
1302,2022-04-13,4.11,4.17,4.04,4.11,4.008797,31456637
1303,2022-04-14,4.17,4.23,4.14,4.22,4.116088,35997425
1304,2022-04-19,4.17,4.22,4.07,4.09,3.98929,33095462
1305,2022-04-20,4.05,4.17,4.05,4.08,3.979536,23042173
1306,2022-04-21,4.1,4.1,3.95,4.03,3.930767,46895583
1307,2022-04-22,3.94,4.01,3.91,4.01,3.911259,52099759
1308,2022-04-25,3.98,3.98,3.87,3.94,3.842983,44289258
1309,2022-04-26,3.97,3.99,3.88,3.94,3.842983,48077591
1310,2022-04-27,3.92,3.92,3.83,3.91,3.813722,46125993
1311,2022-04-28,3.96,4.06,3.91,4.06,3.960028,41382566
1312,2022-04-29,3.98,4.16,3.97,4.15,4.047812,34352025
1313,2022-05-03,4.1,4.13,3.91,3.97,3.872244,64936671
1314,2022-05-04,3.98,4.0,3.83,3.9,3.803968,35810863
1315,2022-05-05,3.92,4.0,3.87,3.89,3.794214,38489371
1316,2022-05-06,3.77,3.83,3.71,3.76,3.667415,53346450
1317,2022-05-10,3.66,3.78,3.62,3.73,3.638154,44305201
1318,2022-05-11,3.79,3.95,3.73,3.84,3.745445,54024868
1319,2022-05-12,3.79,3.85,3.73,3.83,3.735692,41140302
1320,2022-05-13,3.9,3.92,3.84,3.91,3.813722,42445253
1321,2022-05-16,3.89,3.96,3.87,3.95,3.852737,31690179
1322,2022-05-17,3.99,4.07,3.95,4.05,3.950274,42707565
1323,2022-05-18,4.0,4.11,3.99,4.1,3.999043,35728997
1324,2022-05-19,4.05,4.12,3.96,4.09,3.98929,36530357
1325,2022-05-20,4.15,4.27,4.15,4.25,4.14535,47365663
1326,2022-05-23,4.23,4.31,4.17,4.31,4.203872,45660590
1327,2022-05-24,4.32,4.33,4.18,4.24,4.135596,42127819
1328,2022-05-25,4.22,4.32,4.14,4.27,4.164857,40990630
1329,2022-05-26,4.26,4.27,4.11,4.16,4.057566,31941454
1330,2022-05-27,4.21,4.3,4.19,4.29,4.184365,34895283
1331,2022-05-30,4.29,4.43,4.24,4.41,4.30141,59278741
1332,2022-05-31,4.37,4.44,4.34,4.41,4.30141,70084211
1333,2022-06-01,4.42,4.42,4.29,4.35,4.242887,28670285
1334,2022-06-02,4.28,4.29,4.13,4.17,4.067319,47397023
1335,2022-06-06,4.12,4.24,4.12,4.23,4.125842,30154542
1336,2022-06-07,4.1,4.18,4.03,4.05,3.950274,73777118
1337,2022-06-08,4.08,4.24,4.06,4.23,4.125842,65883090
1338,2022-06-09,4.19,4.32,4.18,4.26,4.155104,51073375
1339,2022-06-10,4.21,4.26,4.11,4.23,4.125842,44479487
1340,2022-06-13,4.12,4.2,4.12,4.19,4.086827,37932446
1341,2022-06-14,4.18,4.18,4.05,4.11,4.008797,33406916
1342,2022-06-15,4.0,4.17,4.0,4.15,4.087594,29637477
1343,2022-06-16,4.16,4.3,4.12,4.18,4.117143,45818828
1344,2022-06-17,4.2,4.34,4.12,4.33,4.264887,54568603
1345,2022-06-20,4.3,4.46,4.3,4.41,4.343684,37743944
1346,2022-06-21,4.4,4.55,4.37,4.54,4.471729,41399991
1347,2022-06-22,4.44,4.54,4.37,4.38,4.314136,36444013
1348,2022-06-23,4.48,4.52,4.42,4.5,4.432331,46540929
1349,2022-06-24,4.47,4.75,4.47,4.72,4.649022,86240603
1350,2022-06-27,4.8,4.9,4.7,4.79,4.71797,67267216
1351,2022-06-28,4.76,4.84,4.71,4.83,4.757369,31360058
1352,2022-06-29,4.77,4.83,4.64,4.69,4.619474,48586552
1353,2022-06-30,4.76,5.0,4.73,4.97,4.895263,87017228
1354,2022-07-04,4.99,5.3,4.9,5.27,5.190752,115068709
1355,2022-07-05,5.28,5.35,5.18,5.23,5.151353,61483474
